config,model,representation,batch_size,unroll,total,kernel
oneTree-64-1,abalone_xgb_model_save.json,gpu_array,1024,false,3.7537,3.78079
oneTree-64-1,airline_xgb_model_save.json,gpu_array,1024,false,0.243975,0.218369
oneTree-64-1,airline-ohe_xgb_model_save.json,gpu_array,1024,false,11.423,11.1605
oneTree-64-1,covtype_xgb_model_save.json,gpu_array,1024,false,2.07638,2.04487
oneTree-64-1,epsilon_xgb_model_save.json,gpu_array,1024,false,2.41913,1.58099
oneTree-64-1,higgs_xgb_model_save.json,gpu_array,1024,false,0.257393,0.22543
oneTree-64-1,year_prediction_msd_xgb_model_save.json,gpu_array,1024,false,0.339668,0.282031

config,model,representation,batch_size,unroll,total,kernel
oneTree-64-1,abalone_xgb_model_save.json,gpu_sparse,1024,false,1.95994,1.9561
oneTree-64-1,airline_xgb_model_save.json,gpu_sparse,1024,false,0.204277,0.178496
oneTree-64-1,airline-ohe_xgb_model_save.json,gpu_sparse,1024,false,11.3798,11.1155
oneTree-64-1,covtype_xgb_model_save.json,gpu_sparse,1024,false,2.12786,2.09629
oneTree-64-1,epsilon_xgb_model_save.json,gpu_sparse,1024,false,2.41456,1.58249
oneTree-64-1,higgs_xgb_model_save.json,gpu_sparse,1024,false,0.255498,0.223066
oneTree-64-1,year_prediction_msd_xgb_model_save.json,gpu_sparse,1024,false,0.351309,0.290918

config,model,representation,batch_size,unroll,total,kernel
oneTree-64-1,abalone_xgb_model_save.json,gpu_reorg,1024,false,1.19818,1.18806
oneTree-64-1,airline_xgb_model_save.json,gpu_reorg,1024,false,0.263652,0.240635
oneTree-64-1,airline-ohe_xgb_model_save.json,gpu_reorg,1024,false,12.1814,11.9316
oneTree-64-1,covtype_xgb_model_save.json,gpu_reorg,1024,false,2.03999,2.00699
oneTree-64-1,epsilon_xgb_model_save.json,gpu_reorg,1024,false,2.66039,1.82474
oneTree-64-1,higgs_xgb_model_save.json,gpu_reorg,1024,false,0.290293,0.258232
oneTree-64-1,year_prediction_msd_xgb_model_save.json,gpu_reorg,1024,false,0.392217,0.335537

config,model,representation,batch_size,unroll,total,kernel
oneTree-64-2,abalone_xgb_model_save.json,gpu_array,1024,false,2.63043,2.63454
oneTree-64-2,airline_xgb_model_save.json,gpu_array,1024,false,0.304688,0.282373
oneTree-64-2,airline-ohe_xgb_model_save.json,gpu_array,1024,false,13.1678,12.9312
oneTree-64-2,covtype_xgb_model_save.json,gpu_array,1024,false,2.99365,2.96767
oneTree-64-2,epsilon_xgb_model_save.json,gpu_array,1024,false,2.66657,1.83024
oneTree-64-2,higgs_xgb_model_save.json,gpu_array,1024,false,0.359375,0.3279
oneTree-64-2,year_prediction_msd_xgb_model_save.json,gpu_array,1024,false,0.469316,0.41291
config,model,representation,batch_size,unroll,total,kernel
oneTree-64-2,abalone_xgb_model_save.json,gpu_sparse,1024,false,2.5995,2.60103
oneTree-64-2,airline_xgb_model_save.json,gpu_sparse,1024,false,0.302881,0.278789
oneTree-64-2,airline-ohe_xgb_model_save.json,gpu_sparse,1024,false,13.1455,12.906
oneTree-64-2,covtype_xgb_model_save.json,gpu_sparse,1024,false,2.76044,2.73796
oneTree-64-2,epsilon_xgb_model_save.json,gpu_sparse,1024,false,2.67564,1.8338
oneTree-64-2,higgs_xgb_model_save.json,gpu_sparse,1024,false,0.355498,0.323203
oneTree-64-2,year_prediction_msd_xgb_model_save.json,gpu_sparse,1024,false,0.482158,0.424258
config,model,representation,batch_size,unroll,total,kernel
oneTree-64-2,abalone_xgb_model_save.json,gpu_reorg,1024,false,2.07352,2.07204
oneTree-64-2,airline_xgb_model_save.json,gpu_reorg,1024,false,0.457607,0.4354
oneTree-64-2,airline-ohe_xgb_model_save.json,gpu_reorg,1024,false,15.1497,14.9341
oneTree-64-2,covtype_xgb_model_save.json,gpu_reorg,1024,false,3.52999,3.51201
oneTree-64-2,epsilon_xgb_model_save.json,gpu_reorg,1024,false,3.0217,2.18896
oneTree-64-2,higgs_xgb_model_save.json,gpu_reorg,1024,false,0.495244,0.465527
oneTree-64-2,year_prediction_msd_xgb_model_save.json,gpu_reorg,1024,false,0.608057,0.552383
config,model,representation,batch_size,unroll,total,kernel
oneTree-64-4,abalone_xgb_model_save.json,gpu_array,1024,false,3.80683,3.82244
oneTree-64-4,airline_xgb_model_save.json,gpu_array,1024,false,0.490605,0.468955
oneTree-64-4,airline-ohe_xgb_model_save.json,gpu_array,1024,false,20.43,20.262
oneTree-64-4,covtype_xgb_model_save.json,gpu_array,1024,false,4.11618,4.102
oneTree-64-4,epsilon_xgb_model_save.json,gpu_array,1024,false,3.18794,2.35662
oneTree-64-4,higgs_xgb_model_save.json,gpu_array,1024,false,0.52708,0.496777
oneTree-64-4,year_prediction_msd_xgb_model_save.json,gpu_array,1024,false,0.671729,0.617188
config,model,representation,batch_size,unroll,total,kernel
oneTree-64-4,abalone_xgb_model_save.json,gpu_sparse,1024,false,3.71066,3.72575
oneTree-64-4,airline_xgb_model_save.json,gpu_sparse,1024,false,0.47377,0.452744
oneTree-64-4,airline-ohe_xgb_model_save.json,gpu_sparse,1024,false,20.3299,20.1588
oneTree-64-4,covtype_xgb_model_save.json,gpu_sparse,1024,false,4.14747,4.13376
oneTree-64-4,epsilon_xgb_model_save.json,gpu_sparse,1024,false,3.17565,2.35104
oneTree-64-4,higgs_xgb_model_save.json,gpu_sparse,1024,false,0.513027,0.482959
oneTree-64-4,year_prediction_msd_xgb_model_save.json,gpu_sparse,1024,false,0.677051,0.620391
config,model,representation,batch_size,unroll,total,kernel
oneTree-64-4,abalone_xgb_model_save.json,gpu_reorg,1024,false,3.36864,3.38001
oneTree-64-4,airline_xgb_model_save.json,gpu_reorg,1024,false,0.766797,0.747432
oneTree-64-4,airline-ohe_xgb_model_save.json,gpu_reorg,1024,false,23.104,22.9667
oneTree-64-4,covtype_xgb_model_save.json,gpu_reorg,1024,false,6.32471,6.33116
oneTree-64-4,epsilon_xgb_model_save.json,gpu_reorg,1024,false,3.67944,2.85268
oneTree-64-4,higgs_xgb_model_save.json,gpu_reorg,1024,false,0.864404,0.8379
oneTree-64-4,year_prediction_msd_xgb_model_save.json,gpu_reorg,1024,false,0.959404,0.906855
config,model,representation,batch_size,unroll,total,kernel
oneTree-64-16,abalone_xgb_model_save.json,gpu_array,1024,false,10.2764,10.3563
oneTree-64-16,airline_xgb_model_save.json,gpu_array,1024,false,1.45003,1.43863
oneTree-64-16,airline-ohe_xgb_model_save.json,gpu_array,1024,false,47.7641,47.8716
oneTree-64-16,covtype_xgb_model_save.json,gpu_array,1024,false,12.1853,12.2546
oneTree-64-16,epsilon_xgb_model_save.json,gpu_array,1024,false,6.11978,5.31662
oneTree-64-16,higgs_xgb_model_save.json,gpu_array,1024,false,1.48521,1.46405
oneTree-64-16,year_prediction_msd_xgb_model_save.json,gpu_array,1024,false,1.97743,1.93655
config,model,representation,batch_size,unroll,total,kernel
oneTree-64-16,abalone_xgb_model_save.json,gpu_sparse,1024,false,9.84425,9.91852
oneTree-64-16,airline_xgb_model_save.json,gpu_sparse,1024,false,1.39825,1.38549
oneTree-64-16,airline-ohe_xgb_model_save.json,gpu_sparse,1024,false,47.331,47.4284
oneTree-64-16,covtype_xgb_model_save.json,gpu_sparse,1024,false,12.6296,12.7015
oneTree-64-16,epsilon_xgb_model_save.json,gpu_sparse,1024,false,6.08129,5.26446
oneTree-64-16,higgs_xgb_model_save.json,gpu_sparse,1024,false,1.41901,1.3975
oneTree-64-16,year_prediction_msd_xgb_model_save.json,gpu_sparse,1024,false,1.92204,1.88012
config,model,representation,batch_size,unroll,total,kernel
oneTree-64-16,abalone_xgb_model_save.json,gpu_reorg,1024,false,10.2757,10.3559
oneTree-64-16,airline_xgb_model_save.json,gpu_reorg,1024,false,2.13712,2.13182
oneTree-64-16,airline-ohe_xgb_model_save.json,gpu_reorg,1024,false,51.3023,51.3993
oneTree-64-16,covtype_xgb_model_save.json,gpu_reorg,1024,false,15.8166,15.9132
oneTree-64-16,epsilon_xgb_model_save.json,gpu_reorg,1024,false,7.31813,6.52667
oneTree-64-16,higgs_xgb_model_save.json,gpu_reorg,1024,false,2.41631,2.40575
oneTree-64-16,year_prediction_msd_xgb_model_save.json,gpu_reorg,1024,false,2.82058,2.78603
config,model,representation,batch_size,unroll,total,kernel
oneTree-256-1,abalone_xgb_model_save.json,gpu_array,1024,false,1.98127,1.97883
oneTree-256-1,airline_xgb_model_save.json,gpu_array,1024,false,0.210117,0.186494
oneTree-256-1,airline-ohe_xgb_model_save.json,gpu_array,1024,false,11.7405,11.4642
oneTree-256-1,covtype_xgb_model_save.json,gpu_array,1024,false,2.44375,2.41468
oneTree-256-1,epsilon_xgb_model_save.json,gpu_array,1024,false,2.4391,1.59993
oneTree-256-1,higgs_xgb_model_save.json,gpu_array,1024,false,0.266514,0.232363
oneTree-256-1,year_prediction_msd_xgb_model_save.json,gpu_array,1024,false,0.378936,0.321719
config,model,representation,batch_size,unroll,total,kernel
oneTree-256-1,abalone_xgb_model_save.json,gpu_sparse,1024,false,1.98023,1.97774
oneTree-256-1,airline_xgb_model_save.json,gpu_sparse,1024,false,0.212959,0.189795
oneTree-256-1,airline-ohe_xgb_model_save.json,gpu_sparse,1024,false,11.7051,11.4545
oneTree-256-1,covtype_xgb_model_save.json,gpu_sparse,1024,false,2.4302,2.40191
oneTree-256-1,epsilon_xgb_model_save.json,gpu_sparse,1024,false,2.43327,1.59926
oneTree-256-1,higgs_xgb_model_save.json,gpu_sparse,1024,false,0.267568,0.235186
oneTree-256-1,year_prediction_msd_xgb_model_save.json,gpu_sparse,1024,false,0.375937,0.318887
config,model,representation,batch_size,unroll,total,kernel
oneTree-256-1,abalone_xgb_model_save.json,gpu_reorg,1024,false,1.2368,1.22727
oneTree-256-1,airline_xgb_model_save.json,gpu_reorg,1024,false,0.274873,0.251084
oneTree-256-1,airline-ohe_xgb_model_save.json,gpu_reorg,1024,false,12.4249,12.1823
oneTree-256-1,covtype_xgb_model_save.json,gpu_reorg,1024,false,2.31621,2.28481
oneTree-256-1,epsilon_xgb_model_save.json,gpu_reorg,1024,false,2.69695,1.86024
oneTree-256-1,higgs_xgb_model_save.json,gpu_reorg,1024,false,0.298057,0.266348
oneTree-256-1,year_prediction_msd_xgb_model_save.json,gpu_reorg,1024,false,0.415977,0.359297
config,model,representation,batch_size,unroll,total,kernel
oneTree-256-2,abalone_xgb_model_save.json,gpu_array,1024,false,2.68104,2.68216
oneTree-256-2,airline_xgb_model_save.json,gpu_array,1024,false,0.304707,0.281074
oneTree-256-2,airline-ohe_xgb_model_save.json,gpu_array,1024,false,13.5558,13.3253
oneTree-256-2,covtype_xgb_model_save.json,gpu_array,1024,false,3.60474,3.58821
oneTree-256-2,epsilon_xgb_model_save.json,gpu_array,1024,false,2.68303,1.85212
oneTree-256-2,higgs_xgb_model_save.json,gpu_array,1024,false,0.363408,0.331426
oneTree-256-2,year_prediction_msd_xgb_model_save.json,gpu_array,1024,false,0.540645,0.478213
config,model,representation,batch_size,unroll,total,kernel
oneTree-256-2,abalone_xgb_model_save.json,gpu_sparse,1024,false,2.65247,2.6569
oneTree-256-2,airline_xgb_model_save.json,gpu_sparse,1024,false,0.300625,0.277197
oneTree-256-2,airline-ohe_xgb_model_save.json,gpu_sparse,1024,false,13.5258,13.2945
oneTree-256-2,covtype_xgb_model_save.json,gpu_sparse,1024,false,3.53725,3.51769
oneTree-256-2,epsilon_xgb_model_save.json,gpu_sparse,1024,false,2.68569,1.84965
oneTree-256-2,higgs_xgb_model_save.json,gpu_sparse,1024,false,0.360635,0.328496
oneTree-256-2,year_prediction_msd_xgb_model_save.json,gpu_sparse,1024,false,0.533301,0.471436
config,model,representation,batch_size,unroll,total,kernel
oneTree-256-2,abalone_xgb_model_save.json,gpu_reorg,1024,false,2.08934,2.08846
oneTree-256-2,airline_xgb_model_save.json,gpu_reorg,1024,false,0.470967,0.449443
oneTree-256-2,airline-ohe_xgb_model_save.json,gpu_reorg,1024,false,15.5291,15.3152
oneTree-256-2,covtype_xgb_model_save.json,gpu_reorg,1024,false,3.94185,3.92747
oneTree-256-2,epsilon_xgb_model_save.json,gpu_reorg,1024,false,3.10554,2.27572
oneTree-256-2,higgs_xgb_model_save.json,gpu_reorg,1024,false,0.522988,0.493418
oneTree-256-2,year_prediction_msd_xgb_model_save.json,gpu_reorg,1024,false,0.65334,0.598193
config,model,representation,batch_size,unroll,total,kernel
oneTree-256-4,abalone_xgb_model_save.json,gpu_array,1024,false,4.13997,4.15928
oneTree-256-4,airline_xgb_model_save.json,gpu_array,1024,false,0.508867,0.488271
oneTree-256-4,airline-ohe_xgb_model_save.json,gpu_array,1024,false,22.3391,22.1875
oneTree-256-4,covtype_xgb_model_save.json,gpu_array,1024,false,5.58093,5.58401
oneTree-256-4,epsilon_xgb_model_save.json,gpu_array,1024,false,3.30912,2.48229
oneTree-256-4,higgs_xgb_model_save.json,gpu_array,1024,false,0.567549,0.538379
oneTree-256-4,year_prediction_msd_xgb_model_save.json,gpu_array,1024,false,0.800674,0.746738
config,model,representation,batch_size,unroll,total,kernel
oneTree-256-4,abalone_xgb_model_save.json,gpu_sparse,1024,false,4.02555,4.04274
oneTree-256-4,airline_xgb_model_save.json,gpu_sparse,1024,false,0.495937,0.474922
oneTree-256-4,airline-ohe_xgb_model_save.json,gpu_sparse,1024,false,22.2457,22.1002
oneTree-256-4,covtype_xgb_model_save.json,gpu_sparse,1024,false,5.39847,5.39166
oneTree-256-4,epsilon_xgb_model_save.json,gpu_sparse,1024,false,3.30274,2.4725
oneTree-256-4,higgs_xgb_model_save.json,gpu_sparse,1024,false,0.552764,0.523223
oneTree-256-4,year_prediction_msd_xgb_model_save.json,gpu_sparse,1024,false,0.78791,0.733643
config,model,representation,batch_size,unroll,total,kernel
oneTree-256-4,abalone_xgb_model_save.json,gpu_reorg,1024,false,3.91976,3.93638
oneTree-256-4,airline_xgb_model_save.json,gpu_reorg,1024,false,0.857568,0.840469
oneTree-256-4,airline-ohe_xgb_model_save.json,gpu_reorg,1024,false,25.1711,25.0479
oneTree-256-4,covtype_xgb_model_save.json,gpu_reorg,1024,false,6.84346,6.85761
oneTree-256-4,epsilon_xgb_model_save.json,gpu_reorg,1024,false,3.78579,2.96304
oneTree-256-4,higgs_xgb_model_save.json,gpu_reorg,1024,false,0.933359,0.907451
oneTree-256-4,year_prediction_msd_xgb_model_save.json,gpu_reorg,1024,false,1.08513,1.03433
config,model,representation,batch_size,unroll,total,kernel
oneTree-256-16,abalone_xgb_model_save.json,gpu_array,1024,false,11.608,11.7015
oneTree-256-16,airline_xgb_model_save.json,gpu_array,1024,false,1.61203,1.60258
oneTree-256-16,airline-ohe_xgb_model_save.json,gpu_array,1024,false,54.6507,54.8236
oneTree-256-16,covtype_xgb_model_save.json,gpu_array,1024,false,17.3318,17.4488
oneTree-256-16,epsilon_xgb_model_save.json,gpu_array,1024,false,6.89638,6.10212
oneTree-256-16,higgs_xgb_model_save.json,gpu_array,1024,false,1.69111,1.67261
oneTree-256-16,year_prediction_msd_xgb_model_save.json,gpu_array,1024,false,2.37159,2.33426
config,model,representation,batch_size,unroll,total,kernel
oneTree-256-16,abalone_xgb_model_save.json,gpu_sparse,1024,false,11.0793,11.1669
oneTree-256-16,airline_xgb_model_save.json,gpu_sparse,1024,false,1.55082,1.54039
oneTree-256-16,airline-ohe_xgb_model_save.json,gpu_sparse,1024,false,54.0366,54.1994





oneTree-64-16,year_prediction_msd_xgb_model_save.json,gpu_array,4096,false,1.29652,1.25332
config,model,representation,batch_size,unroll,total,kernel
oneTree-64-16,abalone_xgb_model_save.json,gpu_sparse,4096,false,2.94958,2.93979
oneTree-64-16,airline_xgb_model_save.json,gpu_sparse,4096,false,0.450352,0.435278
oneTree-64-16,airline-ohe_xgb_model_save.json,gpu_sparse,4096,false,20.3554,20.0578
oneTree-64-16,covtype_xgb_model_save.json,gpu_sparse,4096,false,8.2386,8.20303
oneTree-64-16,epsilon_xgb_model_save.json,gpu_sparse,4096,false,2.92832,2.10405
oneTree-64-16,higgs_xgb_model_save.json,gpu_sparse,4096,false,0.527424,0.506455
oneTree-64-16,year_prediction_msd_xgb_model_save.json,gpu_sparse,4096,false,1.28896,1.24579
config,model,representation,batch_size,unroll,total,kernel
oneTree-64-16,abalone_xgb_model_save.json,gpu_reorg,4096,false,3.96794,3.95787
oneTree-64-16,airline_xgb_model_save.json,gpu_reorg,4096,false,0.714172,0.699788
oneTree-64-16,airline-ohe_xgb_model_save.json,gpu_reorg,4096,false,22.5933,22.2953
oneTree-64-16,covtype_xgb_model_save.json,gpu_reorg,4096,false,11.7753,11.7403
oneTree-64-16,epsilon_xgb_model_save.json,gpu_reorg,4096,false,3.37221,2.54716
oneTree-64-16,higgs_xgb_model_save.json,gpu_reorg,4096,false,1.22836,1.20558
oneTree-64-16,year_prediction_msd_xgb_model_save.json,gpu_reorg,4096,false,1.56698,1.52429
config,model,representation,batch_size,unroll,total,kernel
oneTree-256-1,abalone_xgb_model_save.json,gpu_array,4096,false,0.604092,0.594573
oneTree-256-1,airline_xgb_model_save.json,gpu_array,4096,false,0.0996533,0.0852661
oneTree-256-1,airline-ohe_xgb_model_save.json,gpu_array,4096,false,12.0589,11.7614
oneTree-256-1,covtype_xgb_model_save.json,gpu_array,4096,false,3.02635,2.99204
oneTree-256-1,epsilon_xgb_model_save.json,gpu_array,4096,false,2.36933,1.54683
oneTree-256-1,higgs_xgb_model_save.json,gpu_array,4096,false,0.130056,0.108933
oneTree-256-1,year_prediction_msd_xgb_model_save.json,gpu_array,4096,false,0.504924,0.462324
config,model,representation,batch_size,unroll,total,kernel
oneTree-256-1,abalone_xgb_model_save.json,gpu_sparse,4096,false,0.60301,0.593486
oneTree-256-1,airline_xgb_model_save.json,gpu_sparse,4096,false,0.102637,0.0869971
oneTree-256-1,airline-ohe_xgb_model_save.json,gpu_sparse,4096,false,12.0578,11.7602
oneTree-256-1,covtype_xgb_model_save.json,gpu_sparse,4096,false,3.02936,2.9911
oneTree-256-1,epsilon_xgb_model_save.json,gpu_sparse,4096,false,2.3729,1.5501
oneTree-256-1,higgs_xgb_model_save.json,gpu_sparse,4096,false,0.147263,0.124563
oneTree-256-1,year_prediction_msd_xgb_model_save.json,gpu_sparse,4096,false,0.505212,0.461968
config,model,representation,batch_size,unroll,total,kernel
oneTree-256-1,abalone_xgb_model_save.json,gpu_reorg,4096,false,0.622871,0.613252
oneTree-256-1,airline_xgb_model_save.json,gpu_reorg,4096,false,0.1221,0.106987
oneTree-256-1,airline-ohe_xgb_model_save.json,gpu_reorg,4096,false,13.2157,12.9174
oneTree-256-1,covtype_xgb_model_save.json,gpu_reorg,4096,false,3.946,3.91047
oneTree-256-1,epsilon_xgb_model_save.json,gpu_reorg,4096,false,2.49204,1.66637
oneTree-256-1,higgs_xgb_model_save.json,gpu_reorg,4096,false,0.23844,0.21572
oneTree-256-1,year_prediction_msd_xgb_model_save.json,gpu_reorg,4096,false,0.581694,0.53865
config,model,representation,batch_size,unroll,total,kernel
oneTree-256-2,abalone_xgb_model_save.json,gpu_array,4096,false,0.84,0.829841
oneTree-256-2,airline_xgb_model_save.json,gpu_array,4096,false,0.122332,0.106685
oneTree-256-2,airline-ohe_xgb_model_save.json,gpu_array,4096,false,11.7524,11.4551
oneTree-256-2,covtype_xgb_model_save.json,gpu_array,4096,false,3.41047,3.37168
oneTree-256-2,epsilon_xgb_model_save.json,gpu_array,4096,false,2.38576,1.56117
oneTree-256-2,higgs_xgb_model_save.json,gpu_array,4096,false,0.176506,0.154299
oneTree-256-2,year_prediction_msd_xgb_model_save.json,gpu_array,4096,false,0.583098,0.539883
config,model,representation,batch_size,unroll,total,kernel
oneTree-256-2,abalone_xgb_model_save.json,gpu_sparse,4096,false,0.853076,0.843003
oneTree-256-2,airline_xgb_model_save.json,gpu_sparse,4096,false,0.126135,0.110408
oneTree-256-2,airline-ohe_xgb_model_save.json,gpu_sparse,4096,false,11.7358,11.4384
oneTree-256-2,covtype_xgb_model_save.json,gpu_sparse,4096,false,3.39834,3.36249
oneTree-256-2,epsilon_xgb_model_save.json,gpu_sparse,4096,false,2.3834,1.56122
oneTree-256-2,higgs_xgb_model_save.json,gpu_sparse,4096,false,0.181279,0.160334
oneTree-256-2,year_prediction_msd_xgb_model_save.json,gpu_sparse,4096,false,0.582007,0.539055
config,model,representation,batch_size,unroll,total,kernel
oneTree-256-2,abalone_xgb_model_save.json,gpu_reorg,4096,false,0.96092,0.95083
oneTree-256-2,airline_xgb_model_save.json,gpu_reorg,4096,false,0.161428,0.146101
oneTree-256-2,airline-ohe_xgb_model_save.json,gpu_reorg,4096,false,12.653,12.354
oneTree-256-2,covtype_xgb_model_save.json,gpu_reorg,4096,false,4.09633,4.06046
oneTree-256-2,epsilon_xgb_model_save.json,gpu_reorg,4096,false,2.51155,1.6868
oneTree-256-2,higgs_xgb_model_save.json,gpu_reorg,4096,false,0.329741,0.308665
oneTree-256-2,year_prediction_msd_xgb_model_save.json,gpu_reorg,4096,false,0.655776,0.613398
config,model,representation,batch_size,unroll,total,kernel
oneTree-256-4,abalone_xgb_model_save.json,gpu_array,4096,false,1.3409,1.33135
oneTree-256-4,airline_xgb_model_save.json,gpu_array,4096,false,0.173059,0.157332
oneTree-256-4,airline-ohe_xgb_model_save.json,gpu_array,4096,false,16.7928,16.4948
oneTree-256-4,covtype_xgb_model_save.json,gpu_array,4096,false,3.9943,3.95493
oneTree-256-4,epsilon_xgb_model_save.json,gpu_array,4096,false,2.63657,1.8143
oneTree-256-4,higgs_xgb_model_save.json,gpu_array,4096,false,0.236763,0.215789
oneTree-256-4,year_prediction_msd_xgb_model_save.json,gpu_array,4096,false,0.751392,0.708923
config,model,representation,batch_size,unroll,total,kernel
oneTree-256-4,abalone_xgb_model_save.json,gpu_sparse,4096,false,1.39824,1.38806
oneTree-256-4,airline_xgb_model_save.json,gpu_sparse,4096,false,0.16417,0.149993
oneTree-256-4,airline-ohe_xgb_model_save.json,gpu_sparse,4096,false,16.8586,16.5598
oneTree-256-4,covtype_xgb_model_save.json,gpu_sparse,4096,false,3.9731,3.93832
oneTree-256-4,epsilon_xgb_model_save.json,gpu_sparse,4096,false,2.63396,1.80977
oneTree-256-4,higgs_xgb_model_save.json,gpu_sparse,4096,false,0.24137,0.218806
oneTree-256-4,year_prediction_msd_xgb_model_save.json,gpu_sparse,4096,false,0.755879,0.712607
config,model,representation,batch_size,unroll,total,kernel
oneTree-256-4,abalone_xgb_model_save.json,gpu_reorg,4096,false,1.71479,1.70472
oneTree-256-4,airline_xgb_model_save.json,gpu_reorg,4096,false,0.266301,0.25189
oneTree-256-4,airline-ohe_xgb_model_save.json,gpu_reorg,4096,false,18.2307,17.9315
oneTree-256-4,covtype_xgb_model_save.json,gpu_reorg,4096,false,4.98949,4.95071
oneTree-256-4,epsilon_xgb_model_save.json,gpu_reorg,4096,false,2.91596,2.09152
oneTree-256-4,higgs_xgb_model_save.json,gpu_reorg,4096,false,0.441218,0.418774
oneTree-256-4,year_prediction_msd_xgb_model_save.json,gpu_reorg,4096,false,0.918943,0.87636
config,model,representation,batch_size,unroll,total,kernel
oneTree-256-16,abalone_xgb_model_save.json,gpu_array,4096,false,2.9115,2.90186
oneTree-256-16,airline_xgb_model_save.json,gpu_array,4096,false,0.446528,0.430818
oneTree-256-16,airline-ohe_xgb_model_save.json,gpu_array,4096,false,20.1107,19.8126
oneTree-256-16,covtype_xgb_model_save.json,gpu_array,4096,false,8.51451,8.47526
oneTree-256-16,epsilon_xgb_model_save.json,gpu_array,4096,false,3.08659,2.26448
oneTree-256-16,higgs_xgb_model_save.json,gpu_array,4096,false,0.601855,0.579673
oneTree-256-16,year_prediction_msd_xgb_model_save.json,gpu_array,4096,false,1.35836,1.31496
config,model,representation,batch_size,unroll,total,kernel
oneTree-256-16,abalone_xgb_model_save.json,gpu_sparse,4096,false,2.79859,2.789
oneTree-256-16,airline_xgb_model_save.json,gpu_sparse,4096,false,0.431726,0.416016
oneTree-256-16,airline-ohe_xgb_model_save.json,gpu_sparse,4096,false,20.0649,19.7668
oneTree-256-16,covtype_xgb_model_save.json,gpu_sparse,4096,false,8.39983,8.36561
oneTree-256-16,epsilon_xgb_model_save.json,gpu_sparse,4096,false,3.07933,2.25597
oneTree-256-16,higgs_xgb_model_save.json,gpu_sparse,4096,false,0.589258,0.568125
oneTree-256-16,year_prediction_msd_xgb_model_save.json,gpu_sparse,4096,false,1.34519,1.30179
config,model,representation,batch_size,unroll,total,kernel
oneTree-256-16,abalone_xgb_model_save.json,gpu_reorg,4096,false,3.89976,3.88944
oneTree-256-16,airline_xgb_model_save.json,gpu_reorg,4096,false,0.794595,0.780237
oneTree-256-16,airline-ohe_xgb_model_save.json,gpu_reorg,4096,false,23.4317,23.1309
oneTree-256-16,covtype_xgb_model_save.json,gpu_reorg,4096,false,11.6453,11.6117
oneTree-256-16,epsilon_xgb_model_save.json,gpu_reorg,4096,false,3.56624,2.73483
oneTree-256-16,higgs_xgb_model_save.json,gpu_reorg,4096,false,1.236,1.21502
oneTree-256-16,year_prediction_msd_xgb_model_save.json,gpu_reorg,4096,false,1.68628,1.64293
config,model,representation,batch_size,unroll,total,kernel
oneTree-512-1,abalone_xgb_model_save.json,gpu_array,4096,false,0.593154,0.58353
oneTree-512-1,airline_xgb_model_save.json,gpu_array,4096,false,0.101047,0.0867847
oneTree-512-1,airline-ohe_xgb_model_save.json,gpu_array,4096,false,12.0746,11.7759
oneTree-512-1,covtype_xgb_model_save.json,gpu_array,4096,false,3.01021,2.97594
oneTree-512-1,epsilon_xgb_model_save.json,gpu_array,4096,false,2.36527,1.54155
oneTree-512-1,higgs_xgb_model_save.json,gpu_array,4096,false,0.158696,0.135955
oneTree-512-1,year_prediction_msd_xgb_model_save.json,gpu_array,4096,false,0.504663,0.461521
config,model,representation,batch_size,unroll,total,kernel
oneTree-512-1,abalone_xgb_model_save.json,gpu_sparse,4096,false,0.605928,0.596487
oneTree-512-1,airline_xgb_model_save.json,gpu_sparse,4096,false,0.110264,0.0945752
oneTree-512-1,airline-ohe_xgb_model_save.json,gpu_sparse,4096,false,12.0968,11.7973
oneTree-512-1,covtype_xgb_model_save.json,gpu_sparse,4096,false,2.9448,2.91082
oneTree-512-1,epsilon_xgb_model_save.json,gpu_sparse,4096,false,2.37265,1.54302
oneTree-512-1,higgs_xgb_model_save.json,gpu_sparse,4096,false,0.168452,0.143547
oneTree-512-1,year_prediction_msd_xgb_model_save.json,gpu_sparse,4096,false,0.501199,0.45801
config,model,representation,batch_size,unroll,total,kernel
oneTree-512-1,abalone_xgb_model_save.json,gpu_reorg,4096,false,0.69781,0.687585
oneTree-512-1,airline_xgb_model_save.json,gpu_reorg,4096,false,0.145684,0.131348
oneTree-512-1,airline-ohe_xgb_model_save.json,gpu_reorg,4096,false,13.1135,12.813
oneTree-512-1,covtype_xgb_model_save.json,gpu_reorg,4096,false,3.71951,3.68133
oneTree-512-1,epsilon_xgb_model_save.json,gpu_reorg,4096,false,2.50218,1.67869
oneTree-512-1,higgs_xgb_model_save.json,gpu_reorg,4096,false,0.271074,0.248525
oneTree-512-1,year_prediction_msd_xgb_model_save.json,gpu_reorg,4096,false,0.587231,0.544648
config,model,representation,batch_size,unroll,total,kernel
oneTree-512-2,abalone_xgb_model_save.json,gpu_array,4096,false,0.824343,0.814597
oneTree-512-2,airline_xgb_model_save.json,gpu_array,4096,false,0.129573,0.113997
oneTree-512-2,airline-ohe_xgb_model_save.json,gpu_array,4096,false,11.8889,11.5898
oneTree-512-2,covtype_xgb_model_save.json,gpu_array,4096,false,3.47221,3.43708
oneTree-512-2,epsilon_xgb_model_save.json,gpu_array,4096,false,2.39421,1.57212
oneTree-512-2,higgs_xgb_model_save.json,gpu_array,4096,false,0.199197,0.176729
oneTree-512-2,year_prediction_msd_xgb_model_save.json,gpu_array,4096,false,0.592917,0.549595
config,model,representation,batch_size,unroll,total,kernel
oneTree-512-2,abalone_xgb_model_save.json,gpu_sparse,4096,false,0.844312,0.834272
oneTree-512-2,airline_xgb_model_save.json,gpu_sparse,4096,false,0.133513,0.117969
oneTree-512-2,airline-ohe_xgb_model_save.json,gpu_sparse,4096,false,11.857,11.5587
oneTree-512-2,covtype_xgb_model_save.json,gpu_sparse,4096,false,3.43684,3.40098
oneTree-512-2,epsilon_xgb_model_save.json,gpu_sparse,4096,false,2.39378,1.5702
oneTree-512-2,higgs_xgb_model_save.json,gpu_sparse,4096,false,0.197742,0.176687
oneTree-512-2,year_prediction_msd_xgb_model_save.json,gpu_sparse,4096,false,0.591926,0.548745
config,model,representation,batch_size,unroll,total,kernel
oneTree-512-2,abalone_xgb_model_save.json,gpu_reorg,4096,false,1.07135,1.0611
oneTree-512-2,airline_xgb_model_save.json,gpu_reorg,4096,false,0.188667,0.170889
oneTree-512-2,airline-ohe_xgb_model_save.json,gpu_reorg,4096,false,12.79,12.4917
oneTree-512-2,covtype_xgb_model_save.json,gpu_reorg,4096,false,4.34411,4.30905
oneTree-512-2,epsilon_xgb_model_save.json,gpu_reorg,4096,false,2.53576,1.71142
oneTree-512-2,higgs_xgb_model_save.json,gpu_reorg,4096,false,0.354812,0.33394
oneTree-512-2,year_prediction_msd_xgb_model_save.json,gpu_reorg,4096,false,0.680994,0.638416
config,model,representation,batch_size,unroll,total,kernel
oneTree-512-4,abalone_xgb_model_save.json,gpu_array,4096,false,1.43741,1.42656
oneTree-512-4,airline_xgb_model_save.json,gpu_array,4096,false,0.213738,0.195825
oneTree-512-4,airline-ohe_xgb_model_save.json,gpu_array,4096,false,17.1336,16.8353
oneTree-512-4,covtype_xgb_model_save.json,gpu_array,4096,false,4.00172,3.96812
oneTree-512-4,epsilon_xgb_model_save.json,gpu_array,4096,false,2.64955,1.82614
oneTree-512-4,higgs_xgb_model_save.json,gpu_array,4096,false,0.260557,0.239648
oneTree-512-4,year_prediction_msd_xgb_model_save.json,gpu_array,4096,false,0.765713,0.722471
config,model,representation,batch_size,unroll,total,kernel
oneTree-512-4,abalone_xgb_model_save.json,gpu_sparse,4096,false,1.46379,1.45353
oneTree-512-4,airline_xgb_model_save.json,gpu_sparse,4096,false,0.206743,0.190232
oneTree-512-4,airline-ohe_xgb_model_save.json,gpu_sparse,4096,false,17.132,16.8317
oneTree-512-4,covtype_xgb_model_save.json,gpu_sparse,4096,false,3.96337,3.92683
oneTree-512-4,epsilon_xgb_model_save.json,gpu_sparse,4096,false,2.64917,1.82584
oneTree-512-4,higgs_xgb_model_save.json,gpu_sparse,4096,false,0.265007,0.244102
oneTree-512-4,year_prediction_msd_xgb_model_save.json,gpu_sparse,4096,false,0.762246,0.719575
config,model,representation,batch_size,unroll,total,kernel
oneTree-512-4,abalone_xgb_model_save.json,gpu_reorg,4096,false,1.82343,1.81375
oneTree-512-4,airline_xgb_model_save.json,gpu_reorg,4096,false,0.275657,0.259004
oneTree-512-4,airline-ohe_xgb_model_save.json,gpu_reorg,4096,false,18.4023,18.103
oneTree-512-4,covtype_xgb_model_save.json,gpu_reorg,4096,false,5.37662,5.33791
oneTree-512-4,epsilon_xgb_model_save.json,gpu_reorg,4096,false,2.89449,2.06869
oneTree-512-4,higgs_xgb_model_save.json,gpu_reorg,4096,false,0.435034,0.412292
oneTree-512-4,year_prediction_msd_xgb_model_save.json,gpu_reorg,4096,false,0.909011,0.865769
config,model,representation,batch_size,unroll,total,kernel
oneTree-512-16,abalone_xgb_model_save.json,gpu_array,4096,false,3.16323,3.15303
oneTree-512-16,airline_xgb_model_save.json,gpu_array,4096,false,0.533167,0.516667
oneTree-512-16,airline-ohe_xgb_model_save.json,gpu_array,4096,false,21.3703,21.0724
oneTree-512-16,covtype_xgb_model_save.json,gpu_array,4096,false,9.33214,9.29667
oneTree-512-16,epsilon_xgb_model_save.json,gpu_array,4096,false,3.194,2.36885
oneTree-512-16,higgs_xgb_model_save.json,gpu_array,4096,false,0.662917,0.64189
oneTree-512-16,year_prediction_msd_xgb_model_save.json,gpu_array,4096,false,1.44123,1.39794
config,model,representation,batch_size,unroll,total,kernel
oneTree-512-16,abalone_xgb_model_save.json,gpu_sparse,4096,false,3.04296,3.03337
oneTree-512-16,airline_xgb_model_save.json,gpu_sparse,4096,false,0.512241,0.494487
oneTree-512-16,airline-ohe_xgb_model_save.json,gpu_sparse,4096,false,21.262,20.9624
oneTree-512-16,covtype_xgb_model_save.json,gpu_sparse,4096,false,9.16595,9.12726
oneTree-512-16,epsilon_xgb_model_save.json,gpu_sparse,4096,false,3.18501,2.36147
oneTree-512-16,higgs_xgb_model_save.json,gpu_sparse,4096,false,0.64811,0.626152
oneTree-512-16,year_prediction_msd_xgb_model_save.json,gpu_sparse,4096,false,1.43287,1.38946
config,model,representation,batch_size,unroll,total,kernel
oneTree-512-16,abalone_xgb_model_save.json,gpu_reorg,4096,false,4.08761,4.07739
oneTree-512-16,airline_xgb_model_save.json,gpu_reorg,4096,false,0.888816,0.872319
oneTree-512-16,airline-ohe_xgb_model_save.json,gpu_reorg,4096,false,24.0367,23.7367
oneTree-512-16,covtype_xgb_model_save.json,gpu_reorg,4096,false,11.9952,11.9566
oneTree-512-16,epsilon_xgb_model_save.json,gpu_reorg,4096,false,3.70333,2.87808
oneTree-512-16,higgs_xgb_model_save.json,gpu_reorg,4096,false,1.33396,1.31289
oneTree-512-16,year_prediction_msd_xgb_model_save.json,gpu_reorg,4096,false,1.72513,1.68169
config,model,representation,batch_size,unroll,total,kernel
oneTree-1024-1,abalone_xgb_model_save.json,gpu_array,4096,false,0.613127,0.60303
oneTree-1024-1,airline_xgb_model_save.json,gpu_array,4096,false,0.106089,0.0894409
oneTree-1024-1,airline-ohe_xgb_model_save.json,gpu_array,4096,false,12.2834,11.9861
oneTree-1024-1,covtype_xgb_model_save.json,gpu_array,4096,false,3.40545,3.3698
oneTree-1024-1,epsilon_xgb_model_save.json,gpu_array,4096,false,2.37591,1.55434
oneTree-1024-1,higgs_xgb_model_save.json,gpu_array,4096,false,0.161592,0.140562
oneTree-1024-1,year_prediction_msd_xgb_model_save.json,gpu_array,4096,false,0.534702,0.492192
config,model,representation,batch_size,unroll,total,kernel
oneTree-1024-1,abalone_xgb_model_save.json,gpu_sparse,4096,false,0.651914,0.642419
oneTree-1024-1,airline_xgb_model_save.json,gpu_sparse,4096,false,0.111436,0.0970703
oneTree-1024-1,airline-ohe_xgb_model_save.json,gpu_sparse,4096,false,12.2896,11.9915
oneTree-1024-1,covtype_xgb_model_save.json,gpu_sparse,4096,false,3.4119,3.37786
oneTree-1024-1,epsilon_xgb_model_save.json,gpu_sparse,4096,false,2.3785,1.55575
oneTree-1024-1,higgs_xgb_model_save.json,gpu_sparse,4096,false,0.168376,0.146138
oneTree-1024-1,year_prediction_msd_xgb_model_save.json,gpu_sparse,4096,false,0.533552,0.490303
config,model,representation,batch_size,unroll,total,kernel
oneTree-1024-1,abalone_xgb_model_save.json,gpu_reorg,4096,false,0.757964,0.747864
oneTree-1024-1,airline_xgb_model_save.json,gpu_reorg,4096,false,0.164104,0.149719
oneTree-1024-1,airline-ohe_xgb_model_save.json,gpu_reorg,4096,false,12.9633,12.6643
oneTree-1024-1,covtype_xgb_model_save.json,gpu_reorg,4096,false,4.3881,4.35386
oneTree-1024-1,epsilon_xgb_model_save.json,gpu_reorg,4096,false,2.47961,1.65473
oneTree-1024-1,higgs_xgb_model_save.json,gpu_reorg,4096,false,0.304802,0.282297
oneTree-1024-1,year_prediction_msd_xgb_model_save.json,gpu_reorg,4096,false,0.61946,0.576277
config,model,representation,batch_size,unroll,total,kernel
oneTree-1024-2,abalone_xgb_model_save.json,gpu_array,4096,false,0.969392,0.959282
oneTree-1024-2,airline_xgb_model_save.json,gpu_array,4096,false,0.146235,0.13114
oneTree-1024-2,airline-ohe_xgb_model_save.json,gpu_array,4096,false,12.0567,11.7573
oneTree-1024-2,covtype_xgb_model_save.json,gpu_array,4096,false,3.80969,3.77698
oneTree-1024-2,epsilon_xgb_model_save.json,gpu_array,4096,false,2.39911,1.57624
oneTree-1024-2,higgs_xgb_model_save.json,gpu_array,4096,false,0.212644,0.191692
oneTree-1024-2,year_prediction_msd_xgb_model_save.json,gpu_array,4096,false,0.633213,0.589961
config,model,representation,batch_size,unroll,total,kernel
oneTree-1024-2,abalone_xgb_model_save.json,gpu_sparse,4096,false,1.02416,1.01459
oneTree-1024-2,airline_xgb_model_save.json,gpu_sparse,4096,false,0.148628,0.134094
oneTree-1024-2,airline-ohe_xgb_model_save.json,gpu_sparse,4096,false,12.0511,11.752
oneTree-1024-2,covtype_xgb_model_save.json,gpu_sparse,4096,false,3.78555,3.7516
oneTree-1024-2,epsilon_xgb_model_save.json,gpu_sparse,4096,false,2.39388,1.57181
oneTree-1024-2,higgs_xgb_model_save.json,gpu_sparse,4096,false,0.225515,0.202935
oneTree-1024-2,year_prediction_msd_xgb_model_save.json,gpu_sparse,4096,false,0.630566,0.587371
config,model,representation,batch_size,unroll,total,kernel
oneTree-1024-2,abalone_xgb_model_save.json,gpu_reorg,4096,false,1.17395,1.16392
oneTree-1024-2,airline_xgb_model_save.json,gpu_reorg,4096,false,0.204075,0.188831
oneTree-1024-2,airline-ohe_xgb_model_save.json,gpu_reorg,4096,false,12.7195,12.4211
oneTree-1024-2,covtype_xgb_model_save.json,gpu_reorg,4096,false,4.48555,4.4464
oneTree-1024-2,epsilon_xgb_model_save.json,gpu_reorg,4096,false,2.51423,1.68983
oneTree-1024-2,higgs_xgb_model_save.json,gpu_reorg,4096,false,0.369077,0.346714
oneTree-1024-2,year_prediction_msd_xgb_model_save.json,gpu_reorg,4096,false,0.699265,0.655962
config,model,representation,batch_size,unroll,total,kernel
oneTree-1024-4,abalone_xgb_model_save.json,gpu_array,4096,false,1.70966,1.69965
oneTree-1024-4,airline_xgb_model_save.json,gpu_array,4096,false,0.221182,0.206934
oneTree-1024-4,airline-ohe_xgb_model_save.json,gpu_array,4096,false,17.3328,17.0349
oneTree-1024-4,covtype_xgb_model_save.json,gpu_array,4096,false,4.17333,4.14022
oneTree-1024-4,epsilon_xgb_model_save.json,gpu_array,4096,false,2.64802,1.82472
oneTree-1024-4,higgs_xgb_model_save.json,gpu_array,4096,false,0.281294,0.259353
oneTree-1024-4,year_prediction_msd_xgb_model_save.json,gpu_array,4096,false,0.786685,0.74355
config,model,representation,batch_size,unroll,total,kernel
oneTree-1024-4,abalone_xgb_model_save.json,gpu_sparse,4096,false,1.74769,1.73757
oneTree-1024-4,airline_xgb_model_save.json,gpu_sparse,4096,false,0.222258,0.207314
oneTree-1024-4,airline-ohe_xgb_model_save.json,gpu_sparse,4096,false,17.3046,17.0055
oneTree-1024-4,covtype_xgb_model_save.json,gpu_sparse,4096,false,4.14811,4.11195
oneTree-1024-4,epsilon_xgb_model_save.json,gpu_sparse,4096,false,2.6471,1.82514
oneTree-1024-4,higgs_xgb_model_save.json,gpu_sparse,4096,false,0.279119,0.257424
oneTree-1024-4,year_prediction_msd_xgb_model_save.json,gpu_sparse,4096,false,0.783879,0.741199
config,model,representation,batch_size,unroll,total,kernel
oneTree-1024-4,abalone_xgb_model_save.json,gpu_reorg,4096,false,1.99624,1.98617
oneTree-1024-4,airline_xgb_model_save.json,gpu_reorg,4096,false,0.281648,0.267402
oneTree-1024-4,airline-ohe_xgb_model_save.json,gpu_reorg,4096,false,18.3658,18.0665
oneTree-1024-4,covtype_xgb_model_save.json,gpu_reorg,4096,false,5.12466,5.09066
oneTree-1024-4,epsilon_xgb_model_save.json,gpu_reorg,4096,false,2.95345,2.12833
oneTree-1024-4,higgs_xgb_model_save.json,gpu_reorg,4096,false,0.471045,0.450122
oneTree-1024-4,year_prediction_msd_xgb_model_save.json,gpu_reorg,4096,false,0.935193,0.8928
config,model,representation,batch_size,unroll,total,kernel
oneTree-1024-16,abalone_xgb_model_save.json,gpu_array,4096,false,3.13881,3.12901
oneTree-1024-16,airline_xgb_model_save.json,gpu_array,4096,false,0.55269,0.537673
oneTree-1024-16,airline-ohe_xgb_model_save.json,gpu_array,4096,false,21.2301,20.9304
oneTree-1024-16,covtype_xgb_model_save.json,gpu_array,4096,false,9.39848,9.36242
oneTree-1024-16,epsilon_xgb_model_save.json,gpu_array,4096,false,3.17688,2.3541
oneTree-1024-16,higgs_xgb_model_save.json,gpu_array,4096,false,0.691863,0.670039
oneTree-1024-16,year_prediction_msd_xgb_model_save.json,gpu_array,4096,false,1.46154,1.41887
config,model,representation,batch_size,unroll,total,kernel
oneTree-1024-16,abalone_xgb_model_save.json,gpu_sparse,4096,false,3.03591,3.02581
oneTree-1024-16,airline_xgb_model_save.json,gpu_sparse,4096,false,0.537412,0.522092
oneTree-1024-16,airline-ohe_xgb_model_save.json,gpu_sparse,4096,false,21.1477,20.8503
oneTree-1024-16,covtype_xgb_model_save.json,gpu_sparse,4096,false,9.31077,9.27655
oneTree-1024-16,epsilon_xgb_model_save.json,gpu_sparse,4096,false,3.16916,2.34711
oneTree-1024-16,higgs_xgb_model_save.json,gpu_sparse,4096,false,0.679182,0.65395
oneTree-1024-16,year_prediction_msd_xgb_model_save.json,gpu_sparse,4096,false,1.45442,1.41118
config,model,representation,batch_size,unroll,total,kernel
oneTree-1024-16,abalone_xgb_model_save.json,gpu_reorg,4096,false,4.1035,4.09385
oneTree-1024-16,airline_xgb_model_save.json,gpu_reorg,4096,false,0.89165,0.876465
oneTree-1024-16,airline-ohe_xgb_model_save.json,gpu_reorg,4096,false,23.9417,23.6426
oneTree-1024-16,covtype_xgb_model_save.json,gpu_reorg,4096,false,11.4329,11.3968
oneTree-1024-16,epsilon_xgb_model_save.json,gpu_reorg,4096,false,3.81406,2.98802
oneTree-1024-16,higgs_xgb_model_save.json,gpu_reorg,4096,false,1.40024,1.37916
oneTree-1024-16,year_prediction_msd_xgb_model_save.json,gpu_reorg,4096,false,1.77237,1.72906
config,model,representation,batch_size,unroll,total,kernel
oneTree-64-1,abalone_xgb_model_save.json,gpu_array,8192,false,0.588944,0.581787
oneTree-64-1,airline_xgb_model_save.json,gpu_array,8192,false,0.0931628,0.0806067
oneTree-64-1,airline-ohe_xgb_model_save.json,gpu_array,8192,false,12.7056,12.4177
oneTree-64-1,covtype_xgb_model_save.json,gpu_array,8192,false,4.21068,4.18089
oneTree-64-1,epsilon_xgb_model_save.json,gpu_array,8192,false,2.39693,1.58023
oneTree-64-1,higgs_xgb_model_save.json,gpu_array,8192,false,0.350088,0.331157
oneTree-64-1,year_prediction_msd_xgb_model_save.json,gpu_array,8192,false,0.597751,0.550536
config,model,representation,batch_size,unroll,total,kernel
oneTree-64-1,abalone_xgb_model_save.json,gpu_sparse,8192,false,0.586685,0.57967
oneTree-64-1,airline_xgb_model_save.json,gpu_sparse,8192,false,0.095542,0.0837146
oneTree-64-1,airline-ohe_xgb_model_save.json,gpu_sparse,8192,false,12.7309,12.4442
oneTree-64-1,covtype_xgb_model_save.json,gpu_sparse,8192,false,4.15554,4.12687
oneTree-64-1,epsilon_xgb_model_save.json,gpu_sparse,8192,false,2.40403,1.58637
oneTree-64-1,higgs_xgb_model_save.json,gpu_sparse,8192,false,0.348333,0.329302
oneTree-64-1,year_prediction_msd_xgb_model_save.json,gpu_sparse,8192,false,0.595322,0.547231
config,model,representation,batch_size,unroll,total,kernel
oneTree-64-1,abalone_xgb_model_save.json,gpu_reorg,8192,false,0.611018,0.603879
oneTree-64-1,airline_xgb_model_save.json,gpu_reorg,8192,false,0.150289,0.13845
oneTree-64-1,airline-ohe_xgb_model_save.json,gpu_reorg,8192,false,13.3835,13.0954
oneTree-64-1,covtype_xgb_model_save.json,gpu_reorg,8192,false,5.14007,5.09974
oneTree-64-1,epsilon_xgb_model_save.json,gpu_reorg,8192,false,2.50879,1.69187
oneTree-64-1,higgs_xgb_model_save.json,gpu_reorg,8192,false,0.543909,0.525524
oneTree-64-1,year_prediction_msd_xgb_model_save.json,gpu_reorg,8192,false,0.713335,0.666165
config,model,representation,batch_size,unroll,total,kernel
oneTree-64-2,abalone_xgb_model_save.json,gpu_array,8192,false,0.874193,0.867186
oneTree-64-2,airline_xgb_model_save.json,gpu_array,8192,false,0.138818,0.127048
oneTree-64-2,airline-ohe_xgb_model_save.json,gpu_array,8192,false,12.1283,11.8411
oneTree-64-2,covtype_xgb_model_save.json,gpu_array,8192,false,3.86211,3.83144
oneTree-64-2,epsilon_xgb_model_save.json,gpu_array,8192,false,2.42407,1.60623
oneTree-64-2,higgs_xgb_model_save.json,gpu_array,8192,false,0.316598,0.298098
oneTree-64-2,year_prediction_msd_xgb_model_save.json,gpu_array,8192,false,0.689154,0.641871
config,model,representation,batch_size,unroll,total,kernel
oneTree-64-2,abalone_xgb_model_save.json,gpu_sparse,8192,false,0.904041,0.896306
oneTree-64-2,airline_xgb_model_save.json,gpu_sparse,8192,false,0.140846,0.128483
oneTree-64-2,airline-ohe_xgb_model_save.json,gpu_sparse,8192,false,12.1198,11.8327
oneTree-64-2,covtype_xgb_model_save.json,gpu_sparse,8192,false,3.80479,3.77522
oneTree-64-2,epsilon_xgb_model_save.json,gpu_sparse,8192,false,2.42188,1.60422
oneTree-64-2,higgs_xgb_model_save.json,gpu_sparse,8192,false,0.31476,0.29573
oneTree-64-2,year_prediction_msd_xgb_model_save.json,gpu_sparse,8192,false,0.688262,0.640187
config,model,representation,batch_size,unroll,total,kernel
oneTree-64-2,abalone_xgb_model_save.json,gpu_reorg,8192,false,0.922419,0.915261
oneTree-64-2,airline_xgb_model_save.json,gpu_reorg,8192,false,0.189945,0.178113
oneTree-64-2,airline-ohe_xgb_model_save.json,gpu_reorg,8192,false,12.8593,12.5716
oneTree-64-2,covtype_xgb_model_save.json,gpu_reorg,8192,false,4.69422,4.65296
oneTree-64-2,epsilon_xgb_model_save.json,gpu_reorg,8192,false,2.51699,1.69978
oneTree-64-2,higgs_xgb_model_save.json,gpu_reorg,8192,false,0.381267,0.362347
oneTree-64-2,year_prediction_msd_xgb_model_save.json,gpu_reorg,8192,false,0.756064,0.708739
config,model,representation,batch_size,unroll,total,kernel
oneTree-64-4,abalone_xgb_model_save.json,gpu_array,8192,false,1.472,1.46486
oneTree-64-4,airline_xgb_model_save.json,gpu_array,8192,false,0.189604,0.17729
oneTree-64-4,airline-ohe_xgb_model_save.json,gpu_array,8192,false,17.1393,16.8513
oneTree-64-4,covtype_xgb_model_save.json,gpu_array,8192,false,5.02055,4.99005
oneTree-64-4,epsilon_xgb_model_save.json,gpu_array,8192,false,2.65148,1.83365
oneTree-64-4,higgs_xgb_model_save.json,gpu_array,8192,false,0.347653,0.329296
oneTree-64-4,year_prediction_msd_xgb_model_save.json,gpu_array,8192,false,0.85587,0.807742
config,model,representation,batch_size,unroll,total,kernel
oneTree-64-4,abalone_xgb_model_save.json,gpu_sparse,8192,false,1.56712,1.56004
oneTree-64-4,airline_xgb_model_save.json,gpu_sparse,8192,false,0.19682,0.18453
oneTree-64-4,airline-ohe_xgb_model_save.json,gpu_sparse,8192,false,17.1325,16.8454
oneTree-64-4,covtype_xgb_model_save.json,gpu_sparse,8192,false,4.99244,4.96307
oneTree-64-4,epsilon_xgb_model_save.json,gpu_sparse,8192,false,2.64915,1.832
oneTree-64-4,higgs_xgb_model_save.json,gpu_sparse,8192,false,0.348895,0.329965
oneTree-64-4,year_prediction_msd_xgb_model_save.json,gpu_sparse,8192,false,0.853843,0.805961
config,model,representation,batch_size,unroll,total,kernel
oneTree-64-4,abalone_xgb_model_save.json,gpu_reorg,8192,false,1.65058,1.64342
oneTree-64-4,airline_xgb_model_save.json,gpu_reorg,8192,false,0.296722,0.284995
oneTree-64-4,airline-ohe_xgb_model_save.json,gpu_reorg,8192,false,18.1268,17.8389
oneTree-64-4,covtype_xgb_model_save.json,gpu_reorg,8192,false,5.98751,5.94518
oneTree-64-4,epsilon_xgb_model_save.json,gpu_reorg,8192,false,2.85736,2.04123
oneTree-64-4,higgs_xgb_model_save.json,gpu_reorg,8192,false,0.471396,0.45306
oneTree-64-4,year_prediction_msd_xgb_model_save.json,gpu_reorg,8192,false,0.973615,0.926396
config,model,representation,batch_size,unroll,total,kernel
oneTree-64-16,abalone_xgb_model_save.json,gpu_array,8192,false,2.88323,2.87608
oneTree-64-16,airline_xgb_model_save.json,gpu_array,8192,false,0.428195,0.416412
oneTree-64-16,airline-ohe_xgb_model_save.json,gpu_array,8192,false,20.8541,20.5668
oneTree-64-16,covtype_xgb_model_save.json,gpu_array,8192,false,8.19094,8.15942
oneTree-64-16,epsilon_xgb_model_save.json,gpu_array,8192,false,3.04724,2.23064
oneTree-64-16,higgs_xgb_model_save.json,gpu_array,8192,false,0.738682,0.720309
oneTree-64-16,year_prediction_msd_xgb_model_save.json,gpu_array,8192,false,1.29709,1.24881
config,model,representation,batch_size,unroll,total,kernel
oneTree-64-16,abalone_xgb_model_save.json,gpu_sparse,8192,false,2.93537,2.92772
oneTree-64-16,airline_xgb_model_save.json,gpu_sparse,8192,false,0.417124,0.405317
oneTree-64-16,airline-ohe_xgb_model_save.json,gpu_sparse,8192,false,20.7726,20.485
oneTree-64-16,covtype_xgb_model_save.json,gpu_sparse,8192,false,8.04619,8.01681
oneTree-64-16,epsilon_xgb_model_save.json,gpu_sparse,8192,false,3.0642,2.24759
oneTree-64-16,higgs_xgb_model_save.json,gpu_sparse,8192,false,0.719357,0.700417
oneTree-64-16,year_prediction_msd_xgb_model_save.json,gpu_sparse,8192,false,1.29036,1.24312
config,model,representation,batch_size,unroll,total,kernel
oneTree-64-16,abalone_xgb_model_save.json,gpu_reorg,8192,false,3.86114,3.85396
oneTree-64-16,airline_xgb_model_save.json,gpu_reorg,8192,false,0.740167,0.728339
oneTree-64-16,airline-ohe_xgb_model_save.json,gpu_reorg,8192,false,22.1492,21.8617
oneTree-64-16,covtype_xgb_model_save.json,gpu_reorg,8192,false,11.193,11.1542
oneTree-64-16,epsilon_xgb_model_save.json,gpu_reorg,8192,false,3.52549,2.70865
oneTree-64-16,higgs_xgb_model_save.json,gpu_reorg,8192,false,1.04736,1.02902
oneTree-64-16,year_prediction_msd_xgb_model_save.json,gpu_reorg,8192,false,1.57303,1.52482
config,model,representation,batch_size,unroll,total,kernel
oneTree-256-1,abalone_xgb_model_save.json,gpu_array,8192,false,0.598287,0.590682
oneTree-256-1,airline_xgb_model_save.json,gpu_array,8192,false,0.0938037,0.0819189
oneTree-256-1,airline-ohe_xgb_model_save.json,gpu_array,8192,false,12.6725,12.385
oneTree-256-1,covtype_xgb_model_save.json,gpu_array,8192,false,4.18076,4.15145
oneTree-256-1,epsilon_xgb_model_save.json,gpu_array,8192,false,2.39495,1.57849
oneTree-256-1,higgs_xgb_model_save.json,gpu_array,8192,false,0.353669,0.335428
oneTree-256-1,year_prediction_msd_xgb_model_save.json,gpu_array,8192,false,0.574304,0.527185
config,model,representation,batch_size,unroll,total,kernel
oneTree-256-1,abalone_xgb_model_save.json,gpu_sparse,8192,false,0.600507,0.592853
oneTree-256-1,airline_xgb_model_save.json,gpu_sparse,8192,false,0.0952283,0.082926
oneTree-256-1,airline-ohe_xgb_model_save.json,gpu_sparse,8192,false,12.6766,12.3888
oneTree-256-1,covtype_xgb_model_save.json,gpu_sparse,8192,false,4.0966,4.06776
oneTree-256-1,epsilon_xgb_model_save.json,gpu_sparse,8192,false,2.40049,1.58337
oneTree-256-1,higgs_xgb_model_save.json,gpu_sparse,8192,false,0.354885,0.336588
oneTree-256-1,year_prediction_msd_xgb_model_save.json,gpu_sparse,8192,false,0.572849,0.524749
config,model,representation,batch_size,unroll,total,kernel
oneTree-256-1,abalone_xgb_model_save.json,gpu_reorg,8192,false,0.610853,0.603712
oneTree-256-1,airline_xgb_model_save.json,gpu_reorg,8192,false,0.148966,0.136563
oneTree-256-1,airline-ohe_xgb_model_save.json,gpu_reorg,8192,false,13.3588,13.0704
oneTree-256-1,covtype_xgb_model_save.json,gpu_reorg,8192,false,5.06318,5.02298
oneTree-256-1,epsilon_xgb_model_save.json,gpu_reorg,8192,false,2.50393,1.68695
oneTree-256-1,higgs_xgb_model_save.json,gpu_reorg,8192,false,0.534038,0.515164
oneTree-256-1,year_prediction_msd_xgb_model_save.json,gpu_reorg,8192,false,0.694508,0.647246
config,model,representation,batch_size,unroll,total,kernel
oneTree-256-2,abalone_xgb_model_save.json,gpu_array,8192,false,0.746486,0.738801
oneTree-256-2,airline_xgb_model_save.json,gpu_array,8192,false,0.121185,0.108856
oneTree-256-2,airline-ohe_xgb_model_save.json,gpu_array,8192,false,12.4048,12.1165
oneTree-256-2,covtype_xgb_model_save.json,gpu_array,8192,false,4.63416,4.60544
oneTree-256-2,epsilon_xgb_model_save.json,gpu_array,8192,false,2.41617,1.5985
oneTree-256-2,higgs_xgb_model_save.json,gpu_array,8192,false,0.407645,0.388586
oneTree-256-2,year_prediction_msd_xgb_model_save.json,gpu_array,8192,false,0.833647,0.786301
config,model,representation,batch_size,unroll,total,kernel
oneTree-256-2,abalone_xgb_model_save.json,gpu_sparse,8192,false,0.782792,0.7752
oneTree-256-2,airline_xgb_model_save.json,gpu_sparse,8192,false,0.132155,0.119646
oneTree-256-2,airline-ohe_xgb_model_save.json,gpu_sparse,8192,false,12.433,12.1455
oneTree-256-2,covtype_xgb_model_save.json,gpu_sparse,8192,false,4.67916,4.64841
oneTree-256-2,epsilon_xgb_model_save.json,gpu_sparse,8192,false,2.41887,1.60196
oneTree-256-2,higgs_xgb_model_save.json,gpu_sparse,8192,false,0.404562,0.385699
oneTree-256-2,year_prediction_msd_xgb_model_save.json,gpu_sparse,8192,false,0.838351,0.791091
config,model,representation,batch_size,unroll,total,kernel
oneTree-256-2,abalone_xgb_model_save.json,gpu_reorg,8192,false,0.90572,0.897928
oneTree-256-2,airline_xgb_model_save.json,gpu_reorg,8192,false,0.203455,0.191072
oneTree-256-2,airline-ohe_xgb_model_save.json,gpu_reorg,8192,false,13.2671,12.9794
oneTree-256-2,covtype_xgb_model_save.json,gpu_reorg,8192,false,6.42318,6.38183
oneTree-256-2,epsilon_xgb_model_save.json,gpu_reorg,8192,false,2.54602,1.7294
oneTree-256-2,higgs_xgb_model_save.json,gpu_reorg,8192,false,0.517246,0.498793
oneTree-256-2,year_prediction_msd_xgb_model_save.json,gpu_reorg,8192,false,0.952018,0.904559
config,model,representation,batch_size,unroll,total,kernel
oneTree-256-4,abalone_xgb_model_save.json,gpu_array,8192,false,1.23599,1.22896
oneTree-256-4,airline_xgb_model_save.json,gpu_array,8192,false,0.150481,0.13816
oneTree-256-4,airline-ohe_xgb_model_save.json,gpu_array,8192,false,16.9425,16.6543
oneTree-256-4,covtype_xgb_model_save.json,gpu_array,8192,false,4.77651,4.7478
oneTree-256-4,epsilon_xgb_model_save.json,gpu_array,8192,false,2.61713,1.79928
oneTree-256-4,higgs_xgb_model_save.json,gpu_array,8192,false,0.349598,0.330745
oneTree-256-4,year_prediction_msd_xgb_model_save.json,gpu_array,8192,false,0.858508,0.811343
config,model,representation,batch_size,unroll,total,kernel
oneTree-256-4,abalone_xgb_model_save.json,gpu_sparse,8192,false,1.26501,1.25788
oneTree-256-4,airline_xgb_model_save.json,gpu_sparse,8192,false,0.154167,0.142434
oneTree-256-4,airline-ohe_xgb_model_save.json,gpu_sparse,8192,false,16.9297,16.6419
oneTree-256-4,covtype_xgb_model_save.json,gpu_sparse,8192,false,4.76494,4.73348
oneTree-256-4,epsilon_xgb_model_save.json,gpu_sparse,8192,false,2.61897,1.80117
oneTree-256-4,higgs_xgb_model_save.json,gpu_sparse,8192,false,0.351364,0.333164
oneTree-256-4,year_prediction_msd_xgb_model_save.json,gpu_sparse,8192,false,0.859479,0.811448
config,model,representation,batch_size,unroll,total,kernel
oneTree-256-4,abalone_xgb_model_save.json,gpu_reorg,8192,false,1.4344,1.42725
oneTree-256-4,airline_xgb_model_save.json,gpu_reorg,8192,false,0.275703,0.263695
oneTree-256-4,airline-ohe_xgb_model_save.json,gpu_reorg,8192,false,17.7534,17.4651
oneTree-256-4,covtype_xgb_model_save.json,gpu_reorg,8192,false,5.83744,5.79758
oneTree-256-4,epsilon_xgb_model_save.json,gpu_reorg,8192,false,2.76161,1.9449
oneTree-256-4,higgs_xgb_model_save.json,gpu_reorg,8192,false,0.457179,0.438704
oneTree-256-4,year_prediction_msd_xgb_model_save.json,gpu_reorg,8192,false,0.941235,0.893811
config,model,representation,batch_size,unroll,total,kernel
oneTree-256-16,abalone_xgb_model_save.json,gpu_array,8192,false,1.74643,1.7388
oneTree-256-16,airline_xgb_model_save.json,gpu_array,8192,false,0.272941,0.260583
oneTree-256-16,airline-ohe_xgb_model_save.json,gpu_array,8192,false,18.5423,18.2542
oneTree-256-16,covtype_xgb_model_save.json,gpu_array,8192,false,6.87509,6.84544
oneTree-256-16,epsilon_xgb_model_save.json,gpu_array,8192,false,2.78658,1.96992
oneTree-256-16,higgs_xgb_model_save.json,gpu_array,8192,false,0.624453,0.606146
oneTree-256-16,year_prediction_msd_xgb_model_save.json,gpu_array,8192,false,1.06181,1.01452
config,model,representation,batch_size,unroll,total,kernel
oneTree-256-16,abalone_xgb_model_save.json,gpu_sparse,8192,false,1.78778,1.7802
oneTree-256-16,airline_xgb_model_save.json,gpu_sparse,8192,false,0.268827,0.256348
oneTree-256-16,airline-ohe_xgb_model_save.json,gpu_sparse,8192,false,18.5093,18.2218
oneTree-256-16,covtype_xgb_model_save.json,gpu_sparse,8192,false,6.83127,6.79981
oneTree-256-16,epsilon_xgb_model_save.json,gpu_sparse,8192,false,2.78503,1.96742
oneTree-256-16,higgs_xgb_model_save.json,gpu_sparse,8192,false,0.613165,0.594202
oneTree-256-16,year_prediction_msd_xgb_model_save.json,gpu_sparse,8192,false,1.06181,1.01371
config,model,representation,batch_size,unroll,total,kernel
oneTree-256-16,abalone_xgb_model_save.json,gpu_reorg,8192,false,2.81213,2.80493
oneTree-256-16,airline_xgb_model_save.json,gpu_reorg,8192,false,0.585856,0.574077
oneTree-256-16,airline-ohe_xgb_model_save.json,gpu_reorg,8192,false,20.1909,19.9031
oneTree-256-16,covtype_xgb_model_save.json,gpu_reorg,8192,false,8.18526,8.14426
oneTree-256-16,epsilon_xgb_model_save.json,gpu_reorg,8192,false,3.21105,2.3944
oneTree-256-16,higgs_xgb_model_save.json,gpu_reorg,8192,false,0.819703,0.800874
oneTree-256-16,year_prediction_msd_xgb_model_save.json,gpu_reorg,8192,false,1.18926,1.141
config,model,representation,batch_size,unroll,total,kernel
oneTree-512-1,abalone_xgb_model_save.json,gpu_array,8192,false,0.605931,0.598862
oneTree-512-1,airline_xgb_model_save.json,gpu_array,8192,false,0.0959338,0.0835486
oneTree-512-1,airline-ohe_xgb_model_save.json,gpu_array,8192,false,12.7112,12.4243
oneTree-512-1,covtype_xgb_model_save.json,gpu_array,8192,false,4.16327,4.13264
oneTree-512-1,epsilon_xgb_model_save.json,gpu_array,8192,false,2.39056,1.57323
oneTree-512-1,higgs_xgb_model_save.json,gpu_array,8192,false,0.355378,0.336355
oneTree-512-1,year_prediction_msd_xgb_model_save.json,gpu_array,8192,false,0.571693,0.523455
config,model,representation,batch_size,unroll,total,kernel
oneTree-512-1,abalone_xgb_model_save.json,gpu_sparse,8192,false,0.622363,0.615287
oneTree-512-1,airline_xgb_model_save.json,gpu_sparse,8192,false,0.0986084,0.0867346
oneTree-512-1,airline-ohe_xgb_model_save.json,gpu_sparse,8192,false,12.7434,12.4557
oneTree-512-1,covtype_xgb_model_save.json,gpu_sparse,8192,false,4.12783,4.0992
oneTree-512-1,epsilon_xgb_model_save.json,gpu_sparse,8192,false,2.39597,1.57926
oneTree-512-1,higgs_xgb_model_save.json,gpu_sparse,8192,false,0.365344,0.346935
oneTree-512-1,year_prediction_msd_xgb_model_save.json,gpu_sparse,8192,false,0.577228,0.529171
config,model,representation,batch_size,unroll,total,kernel
oneTree-512-1,abalone_xgb_model_save.json,gpu_reorg,8192,false,0.615328,0.607656
oneTree-512-1,airline_xgb_model_save.json,gpu_reorg,8192,false,0.150455,0.137902
oneTree-512-1,airline-ohe_xgb_model_save.json,gpu_reorg,8192,false,13.3428,13.0553
oneTree-512-1,covtype_xgb_model_save.json,gpu_reorg,8192,false,5.06749,5.02524
oneTree-512-1,epsilon_xgb_model_save.json,gpu_reorg,8192,false,2.49384,1.67645
oneTree-512-1,higgs_xgb_model_save.json,gpu_reorg,8192,false,0.522506,0.504236
oneTree-512-1,year_prediction_msd_xgb_model_save.json,gpu_reorg,8192,false,0.690258,0.642788
config,model,representation,batch_size,unroll,total,kernel
oneTree-512-2,abalone_xgb_model_save.json,gpu_array,8192,false,0.748402,0.741326
oneTree-512-2,airline_xgb_model_save.json,gpu_array,8192,false,0.119414,0.107455
oneTree-512-2,airline-ohe_xgb_model_save.json,gpu_array,8192,false,12.3673,12.0801
oneTree-512-2,covtype_xgb_model_save.json,gpu_array,8192,false,4.53862,4.5098
oneTree-512-2,epsilon_xgb_model_save.json,gpu_array,8192,false,2.41038,1.59361
oneTree-512-2,higgs_xgb_model_save.json,gpu_array,8192,false,0.397991,0.379583
oneTree-512-2,year_prediction_msd_xgb_model_save.json,gpu_array,8192,false,0.826028,0.778658
config,model,representation,batch_size,unroll,total,kernel
oneTree-512-2,abalone_xgb_model_save.json,gpu_sparse,8192,false,0.791642,0.784526
oneTree-512-2,airline_xgb_model_save.json,gpu_sparse,8192,false,0.128236,0.115657
oneTree-512-2,airline-ohe_xgb_model_save.json,gpu_sparse,8192,false,12.3711,12.0843
oneTree-512-2,covtype_xgb_model_save.json,gpu_sparse,8192,false,4.57656,4.54913
oneTree-512-2,epsilon_xgb_model_save.json,gpu_sparse,8192,false,2.4153,1.59756
oneTree-512-2,higgs_xgb_model_save.json,gpu_sparse,8192,false,0.397502,0.379171
oneTree-512-2,year_prediction_msd_xgb_model_save.json,gpu_sparse,8192,false,0.831458,0.783428
config,model,representation,batch_size,unroll,total,kernel
oneTree-512-2,abalone_xgb_model_save.json,gpu_reorg,8192,false,0.908734,0.90158
oneTree-512-2,airline_xgb_model_save.json,gpu_reorg,8192,false,0.208832,0.196836
oneTree-512-2,airline-ohe_xgb_model_save.json,gpu_reorg,8192,false,13.2094,12.9217
oneTree-512-2,covtype_xgb_model_save.json,gpu_reorg,8192,false,6.13734,6.0985
oneTree-512-2,epsilon_xgb_model_save.json,gpu_reorg,8192,false,2.53111,1.71378
oneTree-512-2,higgs_xgb_model_save.json,gpu_reorg,8192,false,0.523788,0.504896
oneTree-512-2,year_prediction_msd_xgb_model_save.json,gpu_reorg,8192,false,0.925934,0.877827
config,model,representation,batch_size,unroll,total,kernel
oneTree-512-4,abalone_xgb_model_save.json,gpu_array,8192,false,1.27653,1.26896
oneTree-512-4,airline_xgb_model_save.json,gpu_array,8192,false,0.161997,0.150157
oneTree-512-4,airline-ohe_xgb_model_save.json,gpu_array,8192,false,16.9696,16.6824
oneTree-512-4,covtype_xgb_model_save.json,gpu_array,8192,false,4.68676,4.65801
oneTree-512-4,epsilon_xgb_model_save.json,gpu_array,8192,false,2.62154,1.80214
oneTree-512-4,higgs_xgb_model_save.json,gpu_array,8192,false,0.343434,0.32515
oneTree-512-4,year_prediction_msd_xgb_model_save.json,gpu_array,8192,false,0.856732,0.808727
config,model,representation,batch_size,unroll,total,kernel
oneTree-512-4,abalone_xgb_model_save.json,gpu_sparse,8192,false,1.31259,1.30505
oneTree-512-4,airline_xgb_model_save.json,gpu_sparse,8192,false,0.163959,0.151498
oneTree-512-4,airline-ohe_xgb_model_save.json,gpu_sparse,8192,false,16.9486,16.6608
oneTree-512-4,covtype_xgb_model_save.json,gpu_sparse,8192,false,4.67242,4.64392
oneTree-512-4,epsilon_xgb_model_save.json,gpu_sparse,8192,false,2.6196,1.80158
oneTree-512-4,higgs_xgb_model_save.json,gpu_sparse,8192,false,0.344036,0.325143
oneTree-512-4,year_prediction_msd_xgb_model_save.json,gpu_sparse,8192,false,0.856195,0.807799
config,model,representation,batch_size,unroll,total,kernel
oneTree-512-4,abalone_xgb_model_save.json,gpu_reorg,8192,false,1.4588,1.45166
oneTree-512-4,airline_xgb_model_save.json,gpu_reorg,8192,false,0.269667,0.25772
oneTree-512-4,airline-ohe_xgb_model_save.json,gpu_reorg,8192,false,17.7539,17.466
oneTree-512-4,covtype_xgb_model_save.json,gpu_reorg,8192,false,5.74221,5.70353
oneTree-512-4,epsilon_xgb_model_save.json,gpu_reorg,8192,false,2.7413,1.92458
oneTree-512-4,higgs_xgb_model_save.json,gpu_reorg,8192,false,0.449603,0.431251
oneTree-512-4,year_prediction_msd_xgb_model_save.json,gpu_reorg,8192,false,0.932384,0.884335
config,model,representation,batch_size,unroll,total,kernel
oneTree-512-16,abalone_xgb_model_save.json,gpu_array,8192,false,1.83362,1.82608
oneTree-512-16,airline_xgb_model_save.json,gpu_array,8192,false,0.305405,0.293617
oneTree-512-16,airline-ohe_xgb_model_save.json,gpu_array,8192,false,18.5813,18.2942
oneTree-512-16,covtype_xgb_model_save.json,gpu_array,8192,false,6.9192,6.88777
oneTree-512-16,epsilon_xgb_model_save.json,gpu_array,8192,false,2.81097,1.99356
oneTree-512-16,higgs_xgb_model_save.json,gpu_array,8192,false,0.631538,0.612758
oneTree-512-16,year_prediction_msd_xgb_model_save.json,gpu_array,8192,false,1.0764,1.0285
config,model,representation,batch_size,unroll,total,kernel
oneTree-512-16,abalone_xgb_model_save.json,gpu_sparse,8192,false,1.85429,1.84719
oneTree-512-16,airline_xgb_model_save.json,gpu_sparse,8192,false,0.299132,0.287379
oneTree-512-16,airline-ohe_xgb_model_save.json,gpu_sparse,8192,false,18.5318,18.2439
oneTree-512-16,covtype_xgb_model_save.json,gpu_sparse,8192,false,6.83207,6.80255
oneTree-512-16,epsilon_xgb_model_save.json,gpu_sparse,8192,false,2.80842,1.99157
oneTree-512-16,higgs_xgb_model_save.json,gpu_sparse,8192,false,0.627415,0.608352
oneTree-512-16,year_prediction_msd_xgb_model_save.json,gpu_sparse,8192,false,1.07371,1.02563
config,model,representation,batch_size,unroll,total,kernel
oneTree-512-16,abalone_xgb_model_save.json,gpu_reorg,8192,false,2.58815,2.58051
oneTree-512-16,airline_xgb_model_save.json,gpu_reorg,8192,false,0.596602,0.584807
oneTree-512-16,airline-ohe_xgb_model_save.json,gpu_reorg,8192,false,20.2318,19.9437
oneTree-512-16,covtype_xgb_model_save.json,gpu_reorg,8192,false,8.30198,8.26055
oneTree-512-16,epsilon_xgb_model_save.json,gpu_reorg,8192,false,3.29377,2.47704
oneTree-512-16,higgs_xgb_model_save.json,gpu_reorg,8192,false,0.831434,0.813109
oneTree-512-16,year_prediction_msd_xgb_model_save.json,gpu_reorg,8192,false,1.19901,1.15156
config,model,representation,batch_size,unroll,total,kernel
oneTree-1024-1,abalone_xgb_model_save.json,gpu_array,8192,false,0.66948,0.661881
oneTree-1024-1,airline_xgb_model_save.json,gpu_array,8192,false,0.104991,0.0926843
oneTree-1024-1,airline-ohe_xgb_model_save.json,gpu_array,8192,false,12.7951,12.508
oneTree-1024-1,covtype_xgb_model_save.json,gpu_array,8192,false,4.26863,4.24114
oneTree-1024-1,epsilon_xgb_model_save.json,gpu_array,8192,false,2.40034,1.58247
oneTree-1024-1,higgs_xgb_model_save.json,gpu_array,8192,false,0.374646,0.356138
oneTree-1024-1,year_prediction_msd_xgb_model_save.json,gpu_array,8192,false,0.586398,0.539199
config,model,representation,batch_size,unroll,total,kernel
oneTree-1024-1,abalone_xgb_model_save.json,gpu_sparse,8192,false,0.668826,0.661669
oneTree-1024-1,airline_xgb_model_save.json,gpu_sparse,8192,false,0.107731,0.0959692
oneTree-1024-1,airline-ohe_xgb_model_save.json,gpu_sparse,8192,false,12.796,12.51
oneTree-1024-1,covtype_xgb_model_save.json,gpu_sparse,8192,false,4.37451,4.34401
oneTree-1024-1,epsilon_xgb_model_save.json,gpu_sparse,8192,false,2.39968,1.58275
oneTree-1024-1,higgs_xgb_model_save.json,gpu_sparse,8192,false,0.378097,0.35911
oneTree-1024-1,year_prediction_msd_xgb_model_save.json,gpu_sparse,8192,false,0.592227,0.544944
config,model,representation,batch_size,unroll,total,kernel
oneTree-1024-1,abalone_xgb_model_save.json,gpu_reorg,8192,false,0.711207,0.704048
oneTree-1024-1,airline_xgb_model_save.json,gpu_reorg,8192,false,0.155059,0.143146
oneTree-1024-1,airline-ohe_xgb_model_save.json,gpu_reorg,8192,false,13.3805,13.0926
oneTree-1024-1,covtype_xgb_model_save.json,gpu_reorg,8192,false,5.22541,5.18545
oneTree-1024-1,epsilon_xgb_model_save.json,gpu_reorg,8192,false,2.5131,1.69641
oneTree-1024-1,higgs_xgb_model_save.json,gpu_reorg,8192,false,0.54059,0.522258
oneTree-1024-1,year_prediction_msd_xgb_model_save.json,gpu_reorg,8192,false,0.719771,0.671545
config,model,representation,batch_size,unroll,total,kernel
oneTree-1024-2,abalone_xgb_model_save.json,gpu_array,8192,false,0.862223,0.855143
oneTree-1024-2,airline_xgb_model_save.json,gpu_array,8192,false,0.14223,0.130394
oneTree-1024-2,airline-ohe_xgb_model_save.json,gpu_array,8192,false,12.3194,12.0319
oneTree-1024-2,covtype_xgb_model_save.json,gpu_array,8192,false,4.54016,4.51096
oneTree-1024-2,epsilon_xgb_model_save.json,gpu_array,8192,false,2.4157,1.59887
oneTree-1024-2,higgs_xgb_model_save.json,gpu_array,8192,false,0.391681,0.372769
oneTree-1024-2,year_prediction_msd_xgb_model_save.json,gpu_array,8192,false,0.786007,0.738942
config,model,representation,batch_size,unroll,total,kernel
oneTree-1024-2,abalone_xgb_model_save.json,gpu_sparse,8192,false,0.901746,0.89405
oneTree-1024-2,airline_xgb_model_save.json,gpu_sparse,8192,false,0.145903,0.133585
oneTree-1024-2,airline-ohe_xgb_model_save.json,gpu_sparse,8192,false,12.3205,12.0329
oneTree-1024-2,covtype_xgb_model_save.json,gpu_sparse,8192,false,4.49209,4.46455
oneTree-1024-2,epsilon_xgb_model_save.json,gpu_sparse,8192,false,2.41581,1.5993
oneTree-1024-2,higgs_xgb_model_save.json,gpu_sparse,8192,false,0.38826,0.36937
oneTree-1024-2,year_prediction_msd_xgb_model_save.json,gpu_sparse,8192,false,0.778634,0.730488
config,model,representation,batch_size,unroll,total,kernel
oneTree-1024-2,abalone_xgb_model_save.json,gpu_reorg,8192,false,1.02704,1.01993
oneTree-1024-2,airline_xgb_model_save.json,gpu_reorg,8192,false,0.235974,0.224014
oneTree-1024-2,airline-ohe_xgb_model_save.json,gpu_reorg,8192,false,13.1566,12.8684
oneTree-1024-2,covtype_xgb_model_save.json,gpu_reorg,8192,false,5.87851,5.83838
oneTree-1024-2,epsilon_xgb_model_save.json,gpu_reorg,8192,false,2.55482,1.73788
oneTree-1024-2,higgs_xgb_model_save.json,gpu_reorg,8192,false,0.511951,0.493623
oneTree-1024-2,year_prediction_msd_xgb_model_save.json,gpu_reorg,8192,false,0.87115,0.823192
config,model,representation,batch_size,unroll,total,kernel
oneTree-1024-4,abalone_xgb_model_save.json,gpu_array,8192,false,1.51687,1.50921
oneTree-1024-4,airline_xgb_model_save.json,gpu_array,8192,false,0.179355,0.167592
oneTree-1024-4,airline-ohe_xgb_model_save.json,gpu_array,8192,false,17.0665,16.7782
oneTree-1024-4,covtype_xgb_model_save.json,gpu_array,8192,false,4.7577,4.72639
oneTree-1024-4,epsilon_xgb_model_save.json,gpu_array,8192,false,2.64103,1.82421
oneTree-1024-4,higgs_xgb_model_save.json,gpu_array,8192,false,0.351516,0.332965
oneTree-1024-4,year_prediction_msd_xgb_model_save.json,gpu_array,8192,false,0.853282,0.805192
config,model,representation,batch_size,unroll,total,kernel
oneTree-1024-4,abalone_xgb_model_save.json,gpu_sparse,8192,false,1.53152,1.5239
oneTree-1024-4,airline_xgb_model_save.json,gpu_sparse,8192,false,0.180771,0.168169
oneTree-1024-4,airline-ohe_xgb_model_save.json,gpu_sparse,8192,false,17.0444,16.7575
oneTree-1024-4,covtype_xgb_model_save.json,gpu_sparse,8192,false,4.73912,4.7104
oneTree-1024-4,epsilon_xgb_model_save.json,gpu_sparse,8192,false,2.63825,1.82118
oneTree-1024-4,higgs_xgb_model_save.json,gpu_sparse,8192,false,0.350267,0.331021
oneTree-1024-4,year_prediction_msd_xgb_model_save.json,gpu_sparse,8192,false,0.852216,0.805159
config,model,representation,batch_size,unroll,total,kernel
oneTree-1024-4,abalone_xgb_model_save.json,gpu_reorg,8192,false,1.64617,1.63854
oneTree-1024-4,airline_xgb_model_save.json,gpu_reorg,8192,false,0.310917,0.298439
oneTree-1024-4,airline-ohe_xgb_model_save.json,gpu_reorg,8192,false,17.9249,17.6368
oneTree-1024-4,covtype_xgb_model_save.json,gpu_reorg,8192,false,5.73847,5.69875
oneTree-1024-4,epsilon_xgb_model_save.json,gpu_reorg,8192,false,2.77643,1.95912
oneTree-1024-4,higgs_xgb_model_save.json,gpu_reorg,8192,false,0.472537,0.453635
oneTree-1024-4,year_prediction_msd_xgb_model_save.json,gpu_reorg,8192,false,0.942759,0.895518
config,model,representation,batch_size,unroll,total,kernel
oneTree-1024-16,abalone_xgb_model_save.json,gpu_array,8192,false,2.03574,2.02856
oneTree-1024-16,airline_xgb_model_save.json,gpu_array,8192,false,0.343546,0.330851
oneTree-1024-16,airline-ohe_xgb_model_save.json,gpu_array,8192,false,18.2062,17.9186
oneTree-1024-16,covtype_xgb_model_save.json,gpu_array,8192,false,7.27754,7.24604
oneTree-1024-16,epsilon_xgb_model_save.json,gpu_array,8192,false,2.8376,2.02
oneTree-1024-16,higgs_xgb_model_save.json,gpu_array,8192,false,0.63019,0.611873
oneTree-1024-16,year_prediction_msd_xgb_model_save.json,gpu_array,8192,false,1.05864,1.01143
config,model,representation,batch_size,unroll,total,kernel
oneTree-1024-16,abalone_xgb_model_save.json,gpu_sparse,8192,false,1.96345,1.9558
oneTree-1024-16,airline_xgb_model_save.json,gpu_sparse,8192,false,0.336841,0.324894
oneTree-1024-16,airline-ohe_xgb_model_save.json,gpu_sparse,8192,false,18.0987,17.811
oneTree-1024-16,covtype_xgb_model_save.json,gpu_sparse,8192,false,7.11243,7.08487
oneTree-1024-16,epsilon_xgb_model_save.json,gpu_sparse,8192,false,2.83666,2.0192
oneTree-1024-16,higgs_xgb_model_save.json,gpu_sparse,8192,false,0.626477,0.608047
oneTree-1024-16,year_prediction_msd_xgb_model_save.json,gpu_sparse,8192,false,1.05698,1.00882
config,model,representation,batch_size,unroll,total,kernel
oneTree-1024-16,abalone_xgb_model_save.json,gpu_reorg,8192,false,2.78151,2.77435
oneTree-1024-16,airline_xgb_model_save.json,gpu_reorg,8192,false,0.596271,0.582682
oneTree-1024-16,airline-ohe_xgb_model_save.json,gpu_reorg,8192,false,20.3066,20.0183
oneTree-1024-16,covtype_xgb_model_save.json,gpu_reorg,8192,false,8.28306,8.24108
oneTree-1024-16,epsilon_xgb_model_save.json,gpu_reorg,8192,false,3.25018,2.43372
oneTree-1024-16,higgs_xgb_model_save.json,gpu_reorg,8192,false,0.81913,0.800757
oneTree-1024-16,year_prediction_msd_xgb_model_save.json,gpu_reorg,8192,false,1.23643,1.18864
config,model,representation,batch_size,unroll,total,kernel
oneTree-64-1,abalone_xgb_model_save.json,gpu_array,16384,false,0.481773,0.475955
oneTree-64-1,airline_xgb_model_save.json,gpu_array,16384,false,0.0807495,0.0697241
oneTree-64-1,airline-ohe_xgb_model_save.json,gpu_array,16384,false,12.8667,12.5817
oneTree-64-1,covtype_xgb_model_save.json,gpu_array,16384,false,4.43893,4.40777
oneTree-64-1,epsilon_xgb_model_save.json,gpu_array,16384,false,2.39925,1.58882
oneTree-64-1,higgs_xgb_model_save.json,gpu_array,16384,false,0.340931,0.319907
oneTree-64-1,year_prediction_msd_xgb_model_save.json,gpu_array,16384,false,0.605309,0.564294
config,model,representation,batch_size,unroll,total,kernel
oneTree-64-1,abalone_xgb_model_save.json,gpu_sparse,16384,false,0.501031,0.495195
oneTree-64-1,airline_xgb_model_save.json,gpu_sparse,16384,false,0.0875507,0.0765167
oneTree-64-1,airline-ohe_xgb_model_save.json,gpu_sparse,16384,false,12.9298,12.6452
oneTree-64-1,covtype_xgb_model_save.json,gpu_sparse,16384,false,4.47066,4.43804
oneTree-64-1,epsilon_xgb_model_save.json,gpu_sparse,16384,false,2.40736,1.59728
oneTree-64-1,higgs_xgb_model_save.json,gpu_sparse,16384,false,0.359896,0.338868
oneTree-64-1,year_prediction_msd_xgb_model_save.json,gpu_sparse,16384,false,0.610062,0.569136
config,model,representation,batch_size,unroll,total,kernel
oneTree-64-1,abalone_xgb_model_save.json,gpu_reorg,16384,false,0.601938,0.596067
oneTree-64-1,airline_xgb_model_save.json,gpu_reorg,16384,false,0.133183,0.122686
oneTree-64-1,airline-ohe_xgb_model_save.json,gpu_reorg,16384,false,13.793,13.509
oneTree-64-1,covtype_xgb_model_save.json,gpu_reorg,16384,false,5.75319,5.72033
oneTree-64-1,epsilon_xgb_model_save.json,gpu_reorg,16384,false,2.53267,1.72227
oneTree-64-1,higgs_xgb_model_save.json,gpu_reorg,16384,false,0.577113,0.555709
oneTree-64-1,year_prediction_msd_xgb_model_save.json,gpu_reorg,16384,false,0.752762,0.71189
config,model,representation,batch_size,unroll,total,kernel
oneTree-64-2,abalone_xgb_model_save.json,gpu_array,16384,false,0.750907,0.743478
oneTree-64-2,airline_xgb_model_save.json,gpu_array,16384,false,0.113074,0.102523
oneTree-64-2,airline-ohe_xgb_model_save.json,gpu_array,16384,false,11.9196,11.6351
oneTree-64-2,covtype_xgb_model_save.json,gpu_array,16384,false,3.90291,3.87117
oneTree-64-2,epsilon_xgb_model_save.json,gpu_array,16384,false,2.36232,1.55187
oneTree-64-2,higgs_xgb_model_save.json,gpu_array,16384,false,0.294142,0.272866
oneTree-64-2,year_prediction_msd_xgb_model_save.json,gpu_array,16384,false,0.670617,0.629689
config,model,representation,batch_size,unroll,total,kernel
oneTree-64-2,abalone_xgb_model_save.json,gpu_sparse,16384,false,0.778528,0.771133
oneTree-64-2,airline_xgb_model_save.json,gpu_sparse,16384,false,0.116658,0.10559
oneTree-64-2,airline-ohe_xgb_model_save.json,gpu_sparse,16384,false,11.924,11.6394
oneTree-64-2,covtype_xgb_model_save.json,gpu_sparse,16384,false,3.89089,3.8579
oneTree-64-2,epsilon_xgb_model_save.json,gpu_sparse,16384,false,2.36103,1.55189
oneTree-64-2,higgs_xgb_model_save.json,gpu_sparse,16384,false,0.294023,0.273029
oneTree-64-2,year_prediction_msd_xgb_model_save.json,gpu_sparse,16384,false,0.669722,0.629465
config,model,representation,batch_size,unroll,total,kernel
oneTree-64-2,abalone_xgb_model_save.json,gpu_reorg,16384,false,0.886993,0.879552
oneTree-64-2,airline_xgb_model_save.json,gpu_reorg,16384,false,0.16409,0.153616
oneTree-64-2,airline-ohe_xgb_model_save.json,gpu_reorg,16384,false,13.0495,12.7654
oneTree-64-2,covtype_xgb_model_save.json,gpu_reorg,16384,false,5.28323,5.25219
oneTree-64-2,epsilon_xgb_model_save.json,gpu_reorg,16384,false,2.47316,1.66344
oneTree-64-2,higgs_xgb_model_save.json,gpu_reorg,16384,false,0.386699,0.365389
oneTree-64-2,year_prediction_msd_xgb_model_save.json,gpu_reorg,16384,false,0.742938,0.701969
config,model,representation,batch_size,unroll,total,kernel
oneTree-64-4,abalone_xgb_model_save.json,gpu_array,16384,false,1.27921,1.27292
oneTree-64-4,airline_xgb_model_save.json,gpu_array,16384,false,0.171932,0.161445
oneTree-64-4,airline-ohe_xgb_model_save.json,gpu_array,16384,false,16.8655,16.5808
oneTree-64-4,covtype_xgb_model_save.json,gpu_array,16384,false,5.08016,5.04898
oneTree-64-4,epsilon_xgb_model_save.json,gpu_array,16384,false,2.59671,1.78708
oneTree-64-4,higgs_xgb_model_save.json,gpu_array,16384,false,0.333433,0.312357
oneTree-64-4,year_prediction_msd_xgb_model_save.json,gpu_array,16384,false,0.817542,0.776581
config,model,representation,batch_size,unroll,total,kernel
oneTree-64-4,abalone_xgb_model_save.json,gpu_sparse,16384,false,1.34728,1.34142
oneTree-64-4,airline_xgb_model_save.json,gpu_sparse,16384,false,0.173668,0.163124
oneTree-64-4,airline-ohe_xgb_model_save.json,gpu_sparse,16384,false,16.8807,16.5964
oneTree-64-4,covtype_xgb_model_save.json,gpu_sparse,16384,false,5.09678,5.06565
oneTree-64-4,epsilon_xgb_model_save.json,gpu_sparse,16384,false,2.59685,1.78682
oneTree-64-4,higgs_xgb_model_save.json,gpu_sparse,16384,false,0.334427,0.313143
oneTree-64-4,year_prediction_msd_xgb_model_save.json,gpu_sparse,16384,false,0.817426,0.775919
config,model,representation,batch_size,unroll,total,kernel
oneTree-64-4,abalone_xgb_model_save.json,gpu_reorg,16384,false,1.57804,1.57208
oneTree-64-4,airline_xgb_model_save.json,gpu_reorg,16384,false,0.242853,0.231776
oneTree-64-4,airline-ohe_xgb_model_save.json,gpu_reorg,16384,false,18.3812,18.0967
oneTree-64-4,covtype_xgb_model_save.json,gpu_reorg,16384,false,6.493,6.46048
oneTree-64-4,epsilon_xgb_model_save.json,gpu_reorg,16384,false,2.76568,1.95559
oneTree-64-4,higgs_xgb_model_save.json,gpu_reorg,16384,false,0.455365,0.434272
oneTree-64-4,year_prediction_msd_xgb_model_save.json,gpu_reorg,16384,false,0.931726,0.889923
config,model,representation,batch_size,unroll,total,kernel
oneTree-64-16,abalone_xgb_model_save.json,gpu_array,16384,false,2.44414,2.43765
oneTree-64-16,airline_xgb_model_save.json,gpu_array,16384,false,0.360871,0.350409
oneTree-64-16,airline-ohe_xgb_model_save.json,gpu_array,16384,false,19.159,18.8745
oneTree-64-16,covtype_xgb_model_save.json,gpu_array,16384,false,7.87448,7.84331
oneTree-64-16,epsilon_xgb_model_save.json,gpu_array,16384,false,2.84259,2.03303
oneTree-64-16,higgs_xgb_model_save.json,gpu_array,16384,false,0.701556,0.680436
oneTree-64-16,year_prediction_msd_xgb_model_save.json,gpu_array,16384,false,1.16629,1.12444
config,model,representation,batch_size,unroll,total,kernel
oneTree-64-16,abalone_xgb_model_save.json,gpu_sparse,16384,false,2.5043,2.49839
oneTree-64-16,airline_xgb_model_save.json,gpu_sparse,16384,false,0.357905,0.346772
oneTree-64-16,airline-ohe_xgb_model_save.json,gpu_sparse,16384,false,19.2057,18.9215
oneTree-64-16,covtype_xgb_model_save.json,gpu_sparse,16384,false,7.78339,7.75083
oneTree-64-16,epsilon_xgb_model_save.json,gpu_sparse,16384,false,2.87852,2.06809
oneTree-64-16,higgs_xgb_model_save.json,gpu_sparse,16384,false,0.695897,0.674411
oneTree-64-16,year_prediction_msd_xgb_model_save.json,gpu_sparse,16384,false,1.16225,1.12032
config,model,representation,batch_size,unroll,total,kernel
oneTree-64-16,abalone_xgb_model_save.json,gpu_reorg,16384,false,4.14403,4.1381
oneTree-64-16,airline_xgb_model_save.json,gpu_reorg,16384,false,0.697494,0.686388
oneTree-64-16,airline-ohe_xgb_model_save.json,gpu_reorg,16384,false,21.5486,21.2643
oneTree-64-16,covtype_xgb_model_save.json,gpu_reorg,16384,false,10.9948,10.9633
oneTree-64-16,epsilon_xgb_model_save.json,gpu_reorg,16384,false,3.17756,2.36689
oneTree-64-16,higgs_xgb_model_save.json,gpu_reorg,16384,false,1.04425,1.02298
oneTree-64-16,year_prediction_msd_xgb_model_save.json,gpu_reorg,16384,false,1.33591,1.29391
config,model,representation,batch_size,unroll,total,kernel
oneTree-256-1,abalone_xgb_model_save.json,gpu_array,16384,false,0.491238,0.484533
oneTree-256-1,airline_xgb_model_save.json,gpu_array,16384,false,0.0789624,0.0679456
oneTree-256-1,airline-ohe_xgb_model_save.json,gpu_array,16384,false,12.7874,12.5032
oneTree-256-1,covtype_xgb_model_save.json,gpu_array,16384,false,4.35516,4.32376
oneTree-256-1,epsilon_xgb_model_save.json,gpu_array,16384,false,2.39299,1.58291
oneTree-256-1,higgs_xgb_model_save.json,gpu_array,16384,false,0.325571,0.304196
oneTree-256-1,year_prediction_msd_xgb_model_save.json,gpu_array,16384,false,0.585558,0.543942
config,model,representation,batch_size,unroll,total,kernel
oneTree-256-1,abalone_xgb_model_save.json,gpu_sparse,16384,false,0.495485,0.489193
oneTree-256-1,airline_xgb_model_save.json,gpu_sparse,16384,false,0.0845508,0.07409
oneTree-256-1,airline-ohe_xgb_model_save.json,gpu_sparse,16384,false,12.8395,12.5552
oneTree-256-1,covtype_xgb_model_save.json,gpu_sparse,16384,false,4.34572,4.31435
oneTree-256-1,epsilon_xgb_model_save.json,gpu_sparse,16384,false,2.40091,1.58942
oneTree-256-1,higgs_xgb_model_save.json,gpu_sparse,16384,false,0.33718,0.3161
oneTree-256-1,year_prediction_msd_xgb_model_save.json,gpu_sparse,16384,false,0.58821,0.547045
config,model,representation,batch_size,unroll,total,kernel
oneTree-256-1,abalone_xgb_model_save.json,gpu_reorg,16384,false,0.58072,0.574869
oneTree-256-1,airline_xgb_model_save.json,gpu_reorg,16384,false,0.128096,0.117577
oneTree-256-1,airline-ohe_xgb_model_save.json,gpu_reorg,16384,false,13.7049,13.4202
oneTree-256-1,covtype_xgb_model_save.json,gpu_reorg,16384,false,5.52417,5.49175
oneTree-256-1,epsilon_xgb_model_save.json,gpu_reorg,16384,false,2.52206,1.71217
oneTree-256-1,higgs_xgb_model_save.json,gpu_reorg,16384,false,0.553088,0.53165
oneTree-256-1,year_prediction_msd_xgb_model_save.json,gpu_reorg,16384,false,0.720696,0.679808
config,model,representation,batch_size,unroll,total,kernel
oneTree-256-2,abalone_xgb_model_save.json,gpu_array,16384,false,0.782717,0.776411
oneTree-256-2,airline_xgb_model_save.json,gpu_array,16384,false,0.340349,0.329847
oneTree-256-2,airline-ohe_xgb_model_save.json,gpu_array,16384,false,12.8166,12.5325
oneTree-256-2,covtype_xgb_model_save.json,gpu_array,16384,false,6.10943,6.07705
oneTree-256-2,epsilon_xgb_model_save.json,gpu_array,16384,false,2.43664,1.62618
oneTree-256-2,higgs_xgb_model_save.json,gpu_array,16384,false,0.55954,0.538127
oneTree-256-2,year_prediction_msd_xgb_model_save.json,gpu_array,16384,false,0.984387,0.943539
config,model,representation,batch_size,unroll,total,kernel
oneTree-256-2,abalone_xgb_model_save.json,gpu_sparse,16384,false,0.807346,0.801047
oneTree-256-2,airline_xgb_model_save.json,gpu_sparse,16384,false,0.350673,0.339522
oneTree-256-2,airline-ohe_xgb_model_save.json,gpu_sparse,16384,false,12.816,12.5308
oneTree-256-2,covtype_xgb_model_save.json,gpu_sparse,16384,false,6.16475,6.13298
oneTree-256-2,epsilon_xgb_model_save.json,gpu_sparse,16384,false,2.44064,1.6293
oneTree-256-2,higgs_xgb_model_save.json,gpu_sparse,16384,false,0.564168,0.543029
oneTree-256-2,year_prediction_msd_xgb_model_save.json,gpu_sparse,16384,false,0.980875,0.939832
config,model,representation,batch_size,unroll,total,kernel
oneTree-256-2,abalone_xgb_model_save.json,gpu_reorg,16384,false,0.969614,0.963194
oneTree-256-2,airline_xgb_model_save.json,gpu_reorg,16384,false,0.541909,0.53142
oneTree-256-2,airline-ohe_xgb_model_save.json,gpu_reorg,16384,false,13.4021,13.1173
oneTree-256-2,covtype_xgb_model_save.json,gpu_reorg,16384,false,7.84483,7.81412
oneTree-256-2,epsilon_xgb_model_save.json,gpu_reorg,16384,false,2.54274,1.73137
oneTree-256-2,higgs_xgb_model_save.json,gpu_reorg,16384,false,0.68103,0.659207
oneTree-256-2,year_prediction_msd_xgb_model_save.json,gpu_reorg,16384,false,1.05404,1.01305
config,model,representation,batch_size,unroll,total,kernel
oneTree-256-4,abalone_xgb_model_save.json,gpu_array,16384,false,1.54639,1.54053
oneTree-256-4,airline_xgb_model_save.json,gpu_array,16384,false,0.364413,0.353943
oneTree-256-4,airline-ohe_xgb_model_save.json,gpu_array,16384,false,17.8131,17.5288
oneTree-256-4,covtype_xgb_model_save.json,gpu_array,16384,false,7.51777,7.48673
oneTree-256-4,epsilon_xgb_model_save.json,gpu_array,16384,false,2.62017,1.80981
oneTree-256-4,higgs_xgb_model_save.json,gpu_array,16384,false,0.559835,0.538292
oneTree-256-4,year_prediction_msd_xgb_model_save.json,gpu_array,16384,false,1.16509,1.12477
config,model,representation,batch_size,unroll,total,kernel
oneTree-256-4,abalone_xgb_model_save.json,gpu_sparse,16384,false,1.55596,1.54949
oneTree-256-4,airline_xgb_model_save.json,gpu_sparse,16384,false,0.363106,0.352633
oneTree-256-4,airline-ohe_xgb_model_save.json,gpu_sparse,16384,false,17.8272,17.5429
oneTree-256-4,covtype_xgb_model_save.json,gpu_sparse,16384,false,7.59823,7.56714
oneTree-256-4,epsilon_xgb_model_save.json,gpu_sparse,16384,false,2.62333,1.8139
oneTree-256-4,higgs_xgb_model_save.json,gpu_sparse,16384,false,0.56257,0.541443
oneTree-256-4,year_prediction_msd_xgb_model_save.json,gpu_sparse,16384,false,1.16916,1.12824
config,model,representation,batch_size,unroll,total,kernel
oneTree-256-4,abalone_xgb_model_save.json,gpu_reorg,16384,false,2.11076,2.10488
oneTree-256-4,airline_xgb_model_save.json,gpu_reorg,16384,false,0.505673,0.494821
oneTree-256-4,airline-ohe_xgb_model_save.json,gpu_reorg,16384,false,18.4011,18.1161
oneTree-256-4,covtype_xgb_model_save.json,gpu_reorg,16384,false,10.4667,10.4353
oneTree-256-4,epsilon_xgb_model_save.json,gpu_reorg,16384,false,2.74644,1.93545
oneTree-256-4,higgs_xgb_model_save.json,gpu_reorg,16384,false,0.719213,0.69795
oneTree-256-4,year_prediction_msd_xgb_model_save.json,gpu_reorg,16384,false,1.27432,1.23349
config,model,representation,batch_size,unroll,total,kernel
oneTree-256-16,abalone_xgb_model_save.json,gpu_array,16384,false,1.76885,1.76254
oneTree-256-16,airline_xgb_model_save.json,gpu_array,16384,false,0.330719,0.319677
oneTree-256-16,airline-ohe_xgb_model_save.json,gpu_array,16384,false,18.3393,18.0538
oneTree-256-16,covtype_xgb_model_save.json,gpu_array,16384,false,6.40313,6.3715
oneTree-256-16,epsilon_xgb_model_save.json,gpu_array,16384,false,2.81211,2.00305
oneTree-256-16,higgs_xgb_model_save.json,gpu_array,16384,false,0.511915,0.490723
oneTree-256-16,year_prediction_msd_xgb_model_save.json,gpu_array,16384,false,1.05211,1.01126
config,model,representation,batch_size,unroll,total,kernel
oneTree-256-16,abalone_xgb_model_save.json,gpu_sparse,16384,false,1.78136,1.77505
oneTree-256-16,airline_xgb_model_save.json,gpu_sparse,16384,false,0.332117,0.32163
oneTree-256-16,airline-ohe_xgb_model_save.json,gpu_sparse,16384,false,18.3391,18.0547
oneTree-256-16,covtype_xgb_model_save.json,gpu_sparse,16384,false,6.38859,6.35584
oneTree-256-16,epsilon_xgb_model_save.json,gpu_sparse,16384,false,2.81085,2.00113
oneTree-256-16,higgs_xgb_model_save.json,gpu_sparse,16384,false,0.505701,0.484294
oneTree-256-16,year_prediction_msd_xgb_model_save.json,gpu_sparse,16384,false,1.05116,1.01097
config,model,representation,batch_size,unroll,total,kernel
oneTree-256-16,abalone_xgb_model_save.json,gpu_reorg,16384,false,2.506,2.49969
oneTree-256-16,airline_xgb_model_save.json,gpu_reorg,16384,false,0.41022,0.39968
oneTree-256-16,airline-ohe_xgb_model_save.json,gpu_reorg,16384,false,19.1974,18.9128
oneTree-256-16,covtype_xgb_model_save.json,gpu_reorg,16384,false,7.32558,7.29404
oneTree-256-16,epsilon_xgb_model_save.json,gpu_reorg,16384,false,2.97653,2.16679
oneTree-256-16,higgs_xgb_model_save.json,gpu_reorg,16384,false,0.646183,0.624754
oneTree-256-16,year_prediction_msd_xgb_model_save.json,gpu_reorg,16384,false,1.1441,1.10324
config,model,representation,batch_size,unroll,total,kernel
oneTree-512-1,abalone_xgb_model_save.json,gpu_array,16384,false,0.49204,0.485792
oneTree-512-1,airline_xgb_model_save.json,gpu_array,16384,false,0.0800201,0.0688519
oneTree-512-1,airline-ohe_xgb_model_save.json,gpu_array,16384,false,12.7485,12.4637
oneTree-512-1,covtype_xgb_model_save.json,gpu_array,16384,false,4.26623,4.23489
oneTree-512-1,epsilon_xgb_model_save.json,gpu_array,16384,false,2.38466,1.57513
oneTree-512-1,higgs_xgb_model_save.json,gpu_array,16384,false,0.33107,0.309978
oneTree-512-1,year_prediction_msd_xgb_model_save.json,gpu_array,16384,false,0.577786,0.536725
config,model,representation,batch_size,unroll,total,kernel
oneTree-512-1,abalone_xgb_model_save.json,gpu_sparse,16384,false,0.506769,0.500914
oneTree-512-1,airline_xgb_model_save.json,gpu_sparse,16384,false,0.0856433,0.0751306
oneTree-512-1,airline-ohe_xgb_model_save.json,gpu_sparse,16384,false,12.8117,12.5271
oneTree-512-1,covtype_xgb_model_save.json,gpu_sparse,16384,false,4.29278,4.26162
oneTree-512-1,epsilon_xgb_model_save.json,gpu_sparse,16384,false,2.3897,1.57919
oneTree-512-1,higgs_xgb_model_save.json,gpu_sparse,16384,false,0.337462,0.316376
oneTree-512-1,year_prediction_msd_xgb_model_save.json,gpu_sparse,16384,false,0.57978,0.53951
config,model,representation,batch_size,unroll,total,kernel
oneTree-512-1,abalone_xgb_model_save.json,gpu_reorg,16384,false,0.592006,0.585589
oneTree-512-1,airline_xgb_model_save.json,gpu_reorg,16384,false,0.131344,0.120268
oneTree-512-1,airline-ohe_xgb_model_save.json,gpu_reorg,16384,false,13.6107,13.3265
oneTree-512-1,covtype_xgb_model_save.json,gpu_reorg,16384,false,5.38521,5.35421
oneTree-512-1,epsilon_xgb_model_save.json,gpu_reorg,16384,false,2.51674,1.70722
oneTree-512-1,higgs_xgb_model_save.json,gpu_reorg,16384,false,0.543143,0.521597
oneTree-512-1,year_prediction_msd_xgb_model_save.json,gpu_reorg,16384,false,0.70639,0.66542
config,model,representation,batch_size,unroll,total,kernel
oneTree-512-2,abalone_xgb_model_save.json,gpu_array,16384,false,0.772713,0.766287
oneTree-512-2,airline_xgb_model_save.json,gpu_array,16384,false,0.340582,0.329438
oneTree-512-2,airline-ohe_xgb_model_save.json,gpu_array,16384,false,12.8237,12.539
oneTree-512-2,covtype_xgb_model_save.json,gpu_array,16384,false,6.01642,5.98492
oneTree-512-2,epsilon_xgb_model_save.json,gpu_array,16384,false,2.43253,1.62208
oneTree-512-2,higgs_xgb_model_save.json,gpu_array,16384,false,0.555571,0.534349
oneTree-512-2,year_prediction_msd_xgb_model_save.json,gpu_array,16384,false,0.981913,0.941004
config,model,representation,batch_size,unroll,total,kernel
oneTree-512-2,abalone_xgb_model_save.json,gpu_sparse,16384,false,0.805292,0.799417
oneTree-512-2,airline_xgb_model_save.json,gpu_sparse,16384,false,0.341489,0.330952
oneTree-512-2,airline-ohe_xgb_model_save.json,gpu_sparse,16384,false,12.8283,12.5443
oneTree-512-2,covtype_xgb_model_save.json,gpu_sparse,16384,false,6.06471,6.03145
oneTree-512-2,epsilon_xgb_model_save.json,gpu_sparse,16384,false,2.43491,1.62556
oneTree-512-2,higgs_xgb_model_save.json,gpu_sparse,16384,false,0.559795,0.538275
oneTree-512-2,year_prediction_msd_xgb_model_save.json,gpu_sparse,16384,false,0.97704,0.936174
config,model,representation,batch_size,unroll,total,kernel
oneTree-512-2,abalone_xgb_model_save.json,gpu_reorg,16384,false,0.980222,0.974358
oneTree-512-2,airline_xgb_model_save.json,gpu_reorg,16384,false,0.539814,0.529264
oneTree-512-2,airline-ohe_xgb_model_save.json,gpu_reorg,16384,false,13.3952,13.1111
oneTree-512-2,covtype_xgb_model_save.json,gpu_reorg,16384,false,7.70231,7.67093
oneTree-512-2,epsilon_xgb_model_save.json,gpu_reorg,16384,false,2.53885,1.72919
oneTree-512-2,higgs_xgb_model_save.json,gpu_reorg,16384,false,0.671111,0.649598
oneTree-512-2,year_prediction_msd_xgb_model_save.json,gpu_reorg,16384,false,1.04989,1.00892
config,model,representation,batch_size,unroll,total,kernel
oneTree-512-4,abalone_xgb_model_save.json,gpu_array,16384,false,1.55413,1.54783
oneTree-512-4,airline_xgb_model_save.json,gpu_array,16384,false,0.361234,0.350788
oneTree-512-4,airline-ohe_xgb_model_save.json,gpu_array,16384,false,17.8247,17.5405
oneTree-512-4,covtype_xgb_model_save.json,gpu_array,16384,false,7.28871,7.25713
oneTree-512-4,epsilon_xgb_model_save.json,gpu_array,16384,false,2.6209,1.80912
oneTree-512-4,higgs_xgb_model_save.json,gpu_array,16384,false,0.553978,0.532289
oneTree-512-4,year_prediction_msd_xgb_model_save.json,gpu_array,16384,false,1.15532,1.11502
config,model,representation,batch_size,unroll,total,kernel
oneTree-512-4,abalone_xgb_model_save.json,gpu_sparse,16384,false,1.58263,1.57677
oneTree-512-4,airline_xgb_model_save.json,gpu_sparse,16384,false,0.362427,0.351382
oneTree-512-4,airline-ohe_xgb_model_save.json,gpu_sparse,16384,false,17.8308,17.546
oneTree-512-4,covtype_xgb_model_save.json,gpu_sparse,16384,false,7.36674,7.33622
oneTree-512-4,epsilon_xgb_model_save.json,gpu_sparse,16384,false,2.62249,1.81241
oneTree-512-4,higgs_xgb_model_save.json,gpu_sparse,16384,false,0.549726,0.528337
oneTree-512-4,year_prediction_msd_xgb_model_save.json,gpu_sparse,16384,false,1.15847,1.11819
config,model,representation,batch_size,unroll,total,kernel
oneTree-512-4,abalone_xgb_model_save.json,gpu_reorg,16384,false,2.14873,2.14287
oneTree-512-4,airline_xgb_model_save.json,gpu_reorg,16384,false,0.495642,0.48469
oneTree-512-4,airline-ohe_xgb_model_save.json,gpu_reorg,16384,false,18.4558,18.1717
oneTree-512-4,covtype_xgb_model_save.json,gpu_reorg,16384,false,10.3615,10.3286
oneTree-512-4,epsilon_xgb_model_save.json,gpu_reorg,16384,false,2.75153,1.94167
oneTree-512-4,higgs_xgb_model_save.json,gpu_reorg,16384,false,0.700629,0.679208
oneTree-512-4,year_prediction_msd_xgb_model_save.json,gpu_reorg,16384,false,1.26389,1.22297
config,model,representation,batch_size,unroll,total,kernel
oneTree-512-16,abalone_xgb_model_save.json,gpu_array,16384,false,1.67628,1.67045
oneTree-512-16,airline_xgb_model_save.json,gpu_array,16384,false,0.315968,0.305459
oneTree-512-16,airline-ohe_xgb_model_save.json,gpu_array,16384,false,18.3012,18.0165
oneTree-512-16,covtype_xgb_model_save.json,gpu_array,16384,false,6.13193,6.10055
oneTree-512-16,epsilon_xgb_model_save.json,gpu_array,16384,false,2.75513,1.94602
oneTree-512-16,higgs_xgb_model_save.json,gpu_array,16384,false,0.482499,0.461535
oneTree-512-16,year_prediction_msd_xgb_model_save.json,gpu_array,16384,false,1.02982,0.989586
config,model,representation,batch_size,unroll,total,kernel
oneTree-512-16,abalone_xgb_model_save.json,gpu_sparse,16384,false,1.68255,1.67673
oneTree-512-16,airline_xgb_model_save.json,gpu_sparse,16384,false,0.315021,0.304601
oneTree-512-16,airline-ohe_xgb_model_save.json,gpu_sparse,16384,false,18.2699,17.9859
oneTree-512-16,covtype_xgb_model_save.json,gpu_sparse,16384,false,6.13195,6.09924
oneTree-512-16,epsilon_xgb_model_save.json,gpu_sparse,16384,false,2.75606,1.946
oneTree-512-16,higgs_xgb_model_save.json,gpu_sparse,16384,false,0.478114,0.456746
oneTree-512-16,year_prediction_msd_xgb_model_save.json,gpu_sparse,16384,false,1.03264,0.991699
config,model,representation,batch_size,unroll,total,kernel
oneTree-512-16,abalone_xgb_model_save.json,gpu_reorg,16384,false,2.61705,2.61121
oneTree-512-16,airline_xgb_model_save.json,gpu_reorg,16384,false,0.421324,0.410815
oneTree-512-16,airline-ohe_xgb_model_save.json,gpu_reorg,16384,false,19.1576,18.8732
oneTree-512-16,covtype_xgb_model_save.json,gpu_reorg,16384,false,7.19825,7.16674
oneTree-512-16,epsilon_xgb_model_save.json,gpu_reorg,16384,false,3.03918,2.22876
oneTree-512-16,higgs_xgb_model_save.json,gpu_reorg,16384,false,0.656506,0.635074
oneTree-512-16,year_prediction_msd_xgb_model_save.json,gpu_reorg,16384,false,1.14301,1.10274
config,model,representation,batch_size,unroll,total,kernel
oneTree-1024-1,abalone_xgb_model_save.json,gpu_array,16384,false,0.520035,0.514193
oneTree-1024-1,airline_xgb_model_save.json,gpu_array,16384,false,0.0811133,0.0706555
oneTree-1024-1,airline-ohe_xgb_model_save.json,gpu_array,16384,false,12.8027,12.5179
oneTree-1024-1,covtype_xgb_model_save.json,gpu_array,16384,false,4.37788,4.34645
oneTree-1024-1,epsilon_xgb_model_save.json,gpu_array,16384,false,2.38455,1.57433
oneTree-1024-1,higgs_xgb_model_save.json,gpu_array,16384,false,0.335337,0.314018
oneTree-1024-1,year_prediction_msd_xgb_model_save.json,gpu_array,16384,false,0.58533,0.544456
config,model,representation,batch_size,unroll,total,kernel
oneTree-1024-1,abalone_xgb_model_save.json,gpu_sparse,16384,false,0.538085,0.532263
oneTree-1024-1,airline_xgb_model_save.json,gpu_sparse,16384,false,0.0861505,0.0756702
oneTree-1024-1,airline-ohe_xgb_model_save.json,gpu_sparse,16384,false,12.8158,12.5312
oneTree-1024-1,covtype_xgb_model_save.json,gpu_sparse,16384,false,4.43579,4.40373
oneTree-1024-1,epsilon_xgb_model_save.json,gpu_sparse,16384,false,2.38716,1.5776
oneTree-1024-1,higgs_xgb_model_save.json,gpu_sparse,16384,false,0.342137,0.320778
oneTree-1024-1,year_prediction_msd_xgb_model_save.json,gpu_sparse,16384,false,0.594189,0.553225
config,model,representation,batch_size,unroll,total,kernel
oneTree-1024-1,abalone_xgb_model_save.json,gpu_reorg,16384,false,0.59188,0.585579
oneTree-1024-1,airline_xgb_model_save.json,gpu_reorg,16384,false,0.135212,0.1242
oneTree-1024-1,airline-ohe_xgb_model_save.json,gpu_reorg,16384,false,13.4928,13.2084
oneTree-1024-1,covtype_xgb_model_save.json,gpu_reorg,16384,false,5.45205,5.42062
oneTree-1024-1,epsilon_xgb_model_save.json,gpu_reorg,16384,false,2.49157,1.68151
oneTree-1024-1,higgs_xgb_model_save.json,gpu_reorg,16384,false,0.534824,0.513546
oneTree-1024-1,year_prediction_msd_xgb_model_save.json,gpu_reorg,16384,false,0.710977,0.67067
config,model,representation,batch_size,unroll,total,kernel
oneTree-1024-2,abalone_xgb_model_save.json,gpu_array,16384,false,0.790299,0.784431
oneTree-1024-2,airline_xgb_model_save.json,gpu_array,16384,false,0.330121,0.319646
oneTree-1024-2,airline-ohe_xgb_model_save.json,gpu_array,16384,false,12.8151,12.531
oneTree-1024-2,covtype_xgb_model_save.json,gpu_array,16384,false,5.98387,5.95209
oneTree-1024-2,epsilon_xgb_model_save.json,gpu_array,16384,false,2.42758,1.61805
oneTree-1024-2,higgs_xgb_model_save.json,gpu_array,16384,false,0.551957,0.530565
oneTree-1024-2,year_prediction_msd_xgb_model_save.json,gpu_array,16384,false,0.985134,0.94484
config,model,representation,batch_size,unroll,total,kernel
oneTree-1024-2,abalone_xgb_model_save.json,gpu_sparse,16384,false,0.826254,0.819904
oneTree-1024-2,airline_xgb_model_save.json,gpu_sparse,16384,false,0.344985,0.3345
oneTree-1024-2,airline-ohe_xgb_model_save.json,gpu_sparse,16384,false,12.8437,12.5591
oneTree-1024-2,covtype_xgb_model_save.json,gpu_sparse,16384,false,5.94659,5.91397
oneTree-1024-2,epsilon_xgb_model_save.json,gpu_sparse,16384,false,2.43029,1.61986
oneTree-1024-2,higgs_xgb_model_save.json,gpu_sparse,16384,false,0.551038,0.529894
oneTree-1024-2,year_prediction_msd_xgb_model_save.json,gpu_sparse,16384,false,0.978605,0.937703
config,model,representation,batch_size,unroll,total,kernel
oneTree-1024-2,abalone_xgb_model_save.json,gpu_reorg,16384,false,0.998369,0.992484
oneTree-1024-2,airline_xgb_model_save.json,gpu_reorg,16384,false,0.525014,0.514003
oneTree-1024-2,airline-ohe_xgb_model_save.json,gpu_reorg,16384,false,13.3779,13.0933
oneTree-1024-2,covtype_xgb_model_save.json,gpu_reorg,16384,false,7.67456,7.64099
oneTree-1024-2,epsilon_xgb_model_save.json,gpu_reorg,16384,false,2.53068,1.71912
oneTree-1024-2,higgs_xgb_model_save.json,gpu_reorg,16384,false,0.669129,0.647598
oneTree-1024-2,year_prediction_msd_xgb_model_save.json,gpu_reorg,16384,false,1.04895,1.00767
config,model,representation,batch_size,unroll,total,kernel
oneTree-1024-4,abalone_xgb_model_save.json,gpu_array,16384,false,1.59031,1.584
oneTree-1024-4,airline_xgb_model_save.json,gpu_array,16384,false,0.349553,0.339066