onetree-cacherow-32-1,abalone_xgb_model_save.json,gpu_array,4096,false,1.30303,1.29308
onetree-cacherow-32-1,airline_xgb_model_save.json,gpu_array,4096,false,0.0955078,0.0805566
onetree-cacherow-32-1,airline-ohe_xgb_model_save.json,gpu_array,4096,false,-1,-1
onetree-cacherow-32-1,covtype_xgb_model_save.json,gpu_array,4096,false,0.966973,0.932212
onetree-cacherow-32-1,epsilon_xgb_model_save.json,gpu_array,4096,false,-1,-1
onetree-cacherow-32-1,higgs_xgb_model_save.json,gpu_array,4096,false,0.124812,0.102207
onetree-cacherow-32-1,year_prediction_msd_xgb_model_save.json,gpu_array,4096,false,0.154216,0.110874
onetree-cacherow-32-1,abalone_xgb_model_save.json,gpu_sparse,4096,false,0.857747,0.847986
onetree-cacherow-32-1,airline_xgb_model_save.json,gpu_sparse,4096,false,0.0930542,0.0787817
onetree-cacherow-32-1,airline-ohe_xgb_model_save.json,gpu_sparse,4096,false,-1,-1
onetree-cacherow-32-1,covtype_xgb_model_save.json,gpu_sparse,4096,false,0.972078,0.937407
onetree-cacherow-32-1,epsilon_xgb_model_save.json,gpu_sparse,4096,false,-1,-1
onetree-cacherow-32-1,higgs_xgb_model_save.json,gpu_sparse,4096,false,0.123015,0.100393
onetree-cacherow-32-1,year_prediction_msd_xgb_model_save.json,gpu_sparse,4096,false,0.152563,0.109314
onetree-cacherow-32-1,abalone_xgb_model_save.json,gpu_reorg,4096,false,0.462949,0.453115
onetree-cacherow-32-1,airline_xgb_model_save.json,gpu_reorg,4096,false,0.0843091,0.0682764
onetree-cacherow-32-1,airline-ohe_xgb_model_save.json,gpu_reorg,4096,false,-1,-1
onetree-cacherow-32-1,covtype_xgb_model_save.json,gpu_reorg,4096,false,0.636011,0.601926
onetree-cacherow-32-1,epsilon_xgb_model_save.json,gpu_reorg,4096,false,-1,-1
onetree-cacherow-32-1,higgs_xgb_model_save.json,gpu_reorg,4096,false,0.0979932,0.0751294
onetree-cacherow-32-1,year_prediction_msd_xgb_model_save.json,gpu_reorg,4096,false,0.124141,0.0809375
onetree-cacherow-32-2,abalone_xgb_model_save.json,gpu_array,4096,false,1.10654,1.09584
onetree-cacherow-32-2,airline_xgb_model_save.json,gpu_array,4096,false,0.151235,0.135168
onetree-cacherow-32-2,airline-ohe_xgb_model_save.json,gpu_array,4096,false,-1,-1
onetree-cacherow-32-2,covtype_xgb_model_save.json,gpu_array,4096,false,1.24048,1.20643
onetree-cacherow-32-2,epsilon_xgb_model_save.json,gpu_array,4096,false,-1,-1
onetree-cacherow-32-2,higgs_xgb_model_save.json,gpu_array,4096,false,0.164714,0.143645
onetree-cacherow-32-2,year_prediction_msd_xgb_model_save.json,gpu_array,4096,false,0.188916,0.146357
onetree-cacherow-32-2,abalone_xgb_model_save.json,gpu_sparse,4096,false,1.07029,1.05972
onetree-cacherow-32-2,airline_xgb_model_save.json,gpu_sparse,4096,false,0.146035,0.130168
onetree-cacherow-32-2,airline-ohe_xgb_model_save.json,gpu_sparse,4096,false,-1,-1
onetree-cacherow-32-2,covtype_xgb_model_save.json,gpu_sparse,4096,false,1.23703,1.20171
onetree-cacherow-32-2,epsilon_xgb_model_save.json,gpu_sparse,4096,false,-1,-1
onetree-cacherow-32-2,higgs_xgb_model_save.json,gpu_sparse,4096,false,0.160864,0.138306
onetree-cacherow-32-2,year_prediction_msd_xgb_model_save.json,gpu_sparse,4096,false,0.184497,0.141943
onetree-cacherow-32-2,abalone_xgb_model_save.json,gpu_reorg,4096,false,0.834238,0.823945
onetree-cacherow-32-2,airline_xgb_model_save.json,gpu_reorg,4096,false,0.139514,0.125107
onetree-cacherow-32-2,airline-ohe_xgb_model_save.json,gpu_reorg,4096,false,-1,-1
onetree-cacherow-32-2,covtype_xgb_model_save.json,gpu_reorg,4096,false,1.1027,1.06722
onetree-cacherow-32-2,epsilon_xgb_model_save.json,gpu_reorg,4096,false,-1,-1
onetree-cacherow-32-2,higgs_xgb_model_save.json,gpu_reorg,4096,false,0.152476,0.131418
onetree-cacherow-32-2,year_prediction_msd_xgb_model_save.json,gpu_reorg,4096,false,0.176558,0.13376
onetree-cacherow-32-4,abalone_xgb_model_save.json,gpu_array,4096,false,1.62208,1.61241
onetree-cacherow-32-4,airline_xgb_model_save.json,gpu_array,4096,false,0.218459,0.204226
onetree-cacherow-32-4,airline-ohe_xgb_model_save.json,gpu_array,4096,false,-1,-1
onetree-cacherow-32-4,covtype_xgb_model_save.json,gpu_array,4096,false,1.80018,1.76548
onetree-cacherow-32-4,epsilon_xgb_model_save.json,gpu_array,4096,false,-1,-1
onetree-cacherow-32-4,higgs_xgb_model_save.json,gpu_array,4096,false,0.240391,0.217605
onetree-cacherow-32-4,year_prediction_msd_xgb_model_save.json,gpu_array,4096,false,0.257751,0.215237
onetree-cacherow-32-4,abalone_xgb_model_save.json,gpu_sparse,4096,false,1.54688,1.53649
onetree-cacherow-32-4,airline_xgb_model_save.json,gpu_sparse,4096,false,0.2099,0.194163
onetree-cacherow-32-4,airline-ohe_xgb_model_save.json,gpu_sparse,4096,false,-1,-1
onetree-cacherow-32-4,covtype_xgb_model_save.json,gpu_sparse,4096,false,1.80104,1.76292
onetree-cacherow-32-4,epsilon_xgb_model_save.json,gpu_sparse,4096,false,-1,-1
onetree-cacherow-32-4,higgs_xgb_model_save.json,gpu_sparse,4096,false,0.228542,0.207646
onetree-cacherow-32-4,year_prediction_msd_xgb_model_save.json,gpu_sparse,4096,false,0.249409,0.205918
onetree-cacherow-32-4,abalone_xgb_model_save.json,gpu_reorg,4096,false,1.53749,1.52714
onetree-cacherow-32-4,airline_xgb_model_save.json,gpu_reorg,4096,false,0.222278,0.207925
onetree-cacherow-32-4,airline-ohe_xgb_model_save.json,gpu_reorg,4096,false,-1,-1
onetree-cacherow-32-4,covtype_xgb_model_save.json,gpu_reorg,4096,false,1.90332,1.86752
onetree-cacherow-32-4,epsilon_xgb_model_save.json,gpu_reorg,4096,false,-1,-1
onetree-cacherow-32-4,higgs_xgb_model_save.json,gpu_reorg,4096,false,0.252622,0.229792
onetree-cacherow-32-4,year_prediction_msd_xgb_model_save.json,gpu_reorg,4096,false,0.268711,0.225571
onetree-cacherow-32-16,abalone_xgb_model_save.json,gpu_array,4096,false,4.81767,4.80766
onetree-cacherow-32-16,airline_xgb_model_save.json,gpu_array,4096,false,0.650833,0.636484
onetree-cacherow-32-16,airline-ohe_xgb_model_save.json,gpu_array,4096,false,-1,-1
onetree-cacherow-32-16,covtype_xgb_model_save.json,gpu_array,4096,false,4.88917,4.85369
onetree-cacherow-32-16,epsilon_xgb_model_save.json,gpu_array,4096,false,-1,-1
onetree-cacherow-32-16,higgs_xgb_model_save.json,gpu_array,4096,false,0.683843,0.66282
onetree-cacherow-32-16,year_prediction_msd_xgb_model_save.json,gpu_array,4096,false,0.670261,0.626829
onetree-cacherow-32-16,abalone_xgb_model_save.json,gpu_sparse,4096,false,4.51137,4.50082
onetree-cacherow-32-16,airline_xgb_model_save.json,gpu_sparse,4096,false,0.61043,0.595994
onetree-cacherow-32-16,airline-ohe_xgb_model_save.json,gpu_sparse,4096,false,-1,-1
onetree-cacherow-32-16,covtype_xgb_model_save.json,gpu_sparse,4096,false,4.79135,4.75533
onetree-cacherow-32-16,epsilon_xgb_model_save.json,gpu_sparse,4096,false,-1,-1
onetree-cacherow-32-16,higgs_xgb_model_save.json,gpu_sparse,4096,false,0.643442,0.62062
onetree-cacherow-32-16,year_prediction_msd_xgb_model_save.json,gpu_sparse,4096,false,0.624878,0.581504
onetree-cacherow-32-16,abalone_xgb_model_save.json,gpu_reorg,4096,false,5.82328,5.81256
onetree-cacherow-32-16,airline_xgb_model_save.json,gpu_reorg,4096,false,0.768704,0.754175
onetree-cacherow-32-16,airline-ohe_xgb_model_save.json,gpu_reorg,4096,false,-1,-1
onetree-cacherow-32-16,covtype_xgb_model_save.json,gpu_reorg,4096,false,6.82286,6.7835
onetree-cacherow-32-16,epsilon_xgb_model_save.json,gpu_reorg,4096,false,-1,-1
onetree-cacherow-32-16,higgs_xgb_model_save.json,gpu_reorg,4096,false,0.850398,0.829302
onetree-cacherow-32-16,year_prediction_msd_xgb_model_save.json,gpu_reorg,4096,false,1.14633,1.10317
onetree-cacherow-64-1,abalone_xgb_model_save.json,gpu_array,4096,false,0.455103,0.445464
onetree-cacherow-64-1,airline_xgb_model_save.json,gpu_array,4096,false,0.0641333,0.0498999
onetree-cacherow-64-1,airline-ohe_xgb_model_save.json,gpu_array,4096,false,-1,-1
onetree-cacherow-64-1,covtype_xgb_model_save.json,gpu_array,4096,false,0.574104,0.539131
onetree-cacherow-64-1,epsilon_xgb_model_save.json,gpu_array,4096,false,-1,-1
onetree-cacherow-64-1,higgs_xgb_model_save.json,gpu_array,4096,false,0.0913623,0.068606
onetree-cacherow-64-1,year_prediction_msd_xgb_model_save.json,gpu_array,4096,false,0.103623,0.0611475
onetree-cacherow-64-1,abalone_xgb_model_save.json,gpu_sparse,4096,false,0.451829,0.442273
onetree-cacherow-64-1,airline_xgb_model_save.json,gpu_sparse,4096,false,0.065354,0.0502319
onetree-cacherow-64-1,airline-ohe_xgb_model_save.json,gpu_sparse,4096,false,-1,-1
onetree-cacherow-64-1,covtype_xgb_model_save.json,gpu_sparse,4096,false,0.570754,0.536929
onetree-cacherow-64-1,epsilon_xgb_model_save.json,gpu_sparse,4096,false,-1,-1
onetree-cacherow-64-1,higgs_xgb_model_save.json,gpu_sparse,4096,false,0.0894604,0.0684644
onetree-cacherow-64-1,year_prediction_msd_xgb_model_save.json,gpu_sparse,4096,false,0.104353,0.0611328
onetree-cacherow-64-1,abalone_xgb_model_save.json,gpu_reorg,4096,false,0.374827,0.364475
onetree-cacherow-64-1,airline_xgb_model_save.json,gpu_reorg,4096,false,0.0582617,0.0439551
onetree-cacherow-64-1,airline-ohe_xgb_model_save.json,gpu_reorg,4096,false,-1,-1
onetree-cacherow-64-1,covtype_xgb_model_save.json,gpu_reorg,4096,false,0.428774,0.394746
onetree-cacherow-64-1,epsilon_xgb_model_save.json,gpu_reorg,4096,false,-1,-1
onetree-cacherow-64-1,higgs_xgb_model_save.json,gpu_reorg,4096,false,0.0720117,0.0493359
onetree-cacherow-64-1,year_prediction_msd_xgb_model_save.json,gpu_reorg,4096,false,0.0909277,0.0479346
onetree-cacherow-64-2,abalone_xgb_model_save.json,gpu_array,4096,false,0.558896,0.549246
onetree-cacherow-64-2,airline_xgb_model_save.json,gpu_array,4096,false,0.0927905,0.0784912
onetree-cacherow-64-2,airline-ohe_xgb_model_save.json,gpu_array,4096,false,-1,-1
onetree-cacherow-64-2,covtype_xgb_model_save.json,gpu_array,4096,false,0.70429,0.670032
onetree-cacherow-64-2,epsilon_xgb_model_save.json,gpu_array,4096,false,-1,-1
onetree-cacherow-64-2,higgs_xgb_model_save.json,gpu_array,4096,false,0.106768,0.0858081
onetree-cacherow-64-2,year_prediction_msd_xgb_model_save.json,gpu_array,4096,false,0.120452,0.0771704
onetree-cacherow-64-2,abalone_xgb_model_save.json,gpu_sparse,4096,false,0.536453,0.52688
onetree-cacherow-64-2,airline_xgb_model_save.json,gpu_sparse,4096,false,0.0916724,0.0756348
onetree-cacherow-64-2,airline-ohe_xgb_model_save.json,gpu_sparse,4096,false,-1,-1
onetree-cacherow-64-2,covtype_xgb_model_save.json,gpu_sparse,4096,false,0.69864,0.664028
onetree-cacherow-64-2,epsilon_xgb_model_save.json,gpu_sparse,4096,false,-1,-1
onetree-cacherow-64-2,higgs_xgb_model_save.json,gpu_sparse,4096,false,0.105337,0.0826929
onetree-cacherow-64-2,year_prediction_msd_xgb_model_save.json,gpu_sparse,4096,false,0.117239,0.0746729
onetree-cacherow-64-2,abalone_xgb_model_save.json,gpu_reorg,4096,false,0.428542,0.418889
onetree-cacherow-64-2,airline_xgb_model_save.json,gpu_reorg,4096,false,0.0792969,0.0649072
onetree-cacherow-64-2,airline-ohe_xgb_model_save.json,gpu_reorg,4096,false,-1,-1
onetree-cacherow-64-2,covtype_xgb_model_save.json,gpu_reorg,4096,false,0.732344,0.694419
onetree-cacherow-64-2,epsilon_xgb_model_save.json,gpu_reorg,4096,false,-1,-1
onetree-cacherow-64-2,higgs_xgb_model_save.json,gpu_reorg,4096,false,0.103069,0.0802515
onetree-cacherow-64-2,year_prediction_msd_xgb_model_save.json,gpu_reorg,4096,false,0.11344,0.0707593
onetree-cacherow-64-4,abalone_xgb_model_save.json,gpu_array,4096,false,0.813643,0.804072
onetree-cacherow-64-4,airline_xgb_model_save.json,gpu_array,4096,false,0.130781,0.116396
onetree-cacherow-64-4,airline-ohe_xgb_model_save.json,gpu_array,4096,false,-1,-1
onetree-cacherow-64-4,covtype_xgb_model_save.json,gpu_array,4096,false,1.00719,0.972244
onetree-cacherow-64-4,epsilon_xgb_model_save.json,gpu_array,4096,false,-1,-1
onetree-cacherow-64-4,higgs_xgb_model_save.json,gpu_array,4096,false,0.143757,0.121128
onetree-cacherow-64-4,year_prediction_msd_xgb_model_save.json,gpu_array,4096,false,0.1571,0.113674
onetree-cacherow-64-4,abalone_xgb_model_save.json,gpu_sparse,4096,false,0.771387,0.761714
onetree-cacherow-64-4,airline_xgb_model_save.json,gpu_sparse,4096,false,0.124626,0.110305
onetree-cacherow-64-4,airline-ohe_xgb_model_save.json,gpu_sparse,4096,false,-1,-1
onetree-cacherow-64-4,covtype_xgb_model_save.json,gpu_sparse,4096,false,1.00393,0.970359
onetree-cacherow-64-4,epsilon_xgb_model_save.json,gpu_sparse,4096,false,-1,-1
onetree-cacherow-64-4,higgs_xgb_model_save.json,gpu_sparse,4096,false,0.137617,0.114951
onetree-cacherow-64-4,year_prediction_msd_xgb_model_save.json,gpu_sparse,4096,false,0.151492,0.108213
onetree-cacherow-64-4,abalone_xgb_model_save.json,gpu_reorg,4096,false,0.731323,0.721614
onetree-cacherow-64-4,airline_xgb_model_save.json,gpu_reorg,4096,false,0.122747,0.108323
onetree-cacherow-64-4,airline-ohe_xgb_model_save.json,gpu_reorg,4096,false,-1,-1
onetree-cacherow-64-4,covtype_xgb_model_save.json,gpu_reorg,4096,false,1.13019,1.09505
onetree-cacherow-64-4,epsilon_xgb_model_save.json,gpu_reorg,4096,false,-1,-1
onetree-cacherow-64-4,higgs_xgb_model_save.json,gpu_reorg,4096,false,0.151079,0.129954
onetree-cacherow-64-4,year_prediction_msd_xgb_model_save.json,gpu_reorg,4096,false,0.164412,0.121147
onetree-cacherow-64-16,abalone_xgb_model_save.json,gpu_array,4096,false,2.40916,2.39946
onetree-cacherow-64-16,airline_xgb_model_save.json,gpu_array,4096,false,0.340793,0.326433
onetree-cacherow-64-16,airline-ohe_xgb_model_save.json,gpu_array,4096,false,-1,-1
onetree-cacherow-64-16,covtype_xgb_model_save.json,gpu_array,4096,false,2.83347,2.79532
onetree-cacherow-64-16,epsilon_xgb_model_save.json,gpu_array,4096,false,-1,-1
onetree-cacherow-64-16,higgs_xgb_model_save.json,gpu_array,4096,false,0.354504,0.333149
onetree-cacherow-64-16,year_prediction_msd_xgb_model_save.json,gpu_array,4096,false,0.352856,0.310271
onetree-cacherow-64-16,abalone_xgb_model_save.json,gpu_sparse,4096,false,2.1972,2.18749
onetree-cacherow-64-16,airline_xgb_model_save.json,gpu_sparse,4096,false,0.3148,0.300442
onetree-cacherow-64-16,airline-ohe_xgb_model_save.json,gpu_sparse,4096,false,-1,-1
onetree-cacherow-64-16,covtype_xgb_model_save.json,gpu_sparse,4096,false,2.74894,2.71031
onetree-cacherow-64-16,epsilon_xgb_model_save.json,gpu_sparse,4096,false,-1,-1
onetree-cacherow-64-16,higgs_xgb_model_save.json,gpu_sparse,4096,false,0.327922,0.307056
onetree-cacherow-64-16,year_prediction_msd_xgb_model_save.json,gpu_sparse,4096,false,0.330886,0.287639
onetree-cacherow-64-16,abalone_xgb_model_save.json,gpu_reorg,4096,false,3.08289,3.0731
onetree-cacherow-64-16,airline_xgb_model_save.json,gpu_reorg,4096,false,0.438071,0.421709
onetree-cacherow-64-16,airline-ohe_xgb_model_save.json,gpu_reorg,4096,false,-1,-1
onetree-cacherow-64-16,covtype_xgb_model_save.json,gpu_reorg,4096,false,4.18466,4.1456
onetree-cacherow-64-16,epsilon_xgb_model_save.json,gpu_reorg,4096,false,-1,-1
onetree-cacherow-64-16,higgs_xgb_model_save.json,gpu_reorg,4096,false,0.492935,0.470383
onetree-cacherow-64-16,year_prediction_msd_xgb_model_save.json,gpu_reorg,4096,false,0.590264,0.54686
onetree-cacherow-256-1,abalone_xgb_model_save.json,gpu_array,4096,false,0.464824,0.454941
onetree-cacherow-256-1,airline_xgb_model_save.json,gpu_array,4096,false,0.0599658,0.0451465
onetree-cacherow-256-1,airline-ohe_xgb_model_save.json,gpu_array,4096,false,-1,-1
onetree-cacherow-256-1,covtype_xgb_model_save.json,gpu_array,4096,false,-1,-1
onetree-cacherow-256-1,epsilon_xgb_model_save.json,gpu_array,4096,false,-1,-1
onetree-cacherow-256-1,higgs_xgb_model_save.json,gpu_array,4096,false,0.0907471,0.0698437
onetree-cacherow-256-1,year_prediction_msd_xgb_model_save.json,gpu_array,4096,false,-1,-1
onetree-cacherow-256-1,abalone_xgb_model_save.json,gpu_sparse,4096,false,0.464907,0.454517
onetree-cacherow-256-1,airline_xgb_model_save.json,gpu_sparse,4096,false,0.0593604,0.0450977
onetree-cacherow-256-1,airline-ohe_xgb_model_save.json,gpu_sparse,4096,false,-1,-1
onetree-cacherow-256-1,covtype_xgb_model_save.json,gpu_sparse,4096,false,-1,-1
onetree-cacherow-256-1,epsilon_xgb_model_save.json,gpu_sparse,4096,false,-1,-1
onetree-cacherow-256-1,higgs_xgb_model_save.json,gpu_sparse,4096,false,0.0924072,0.0697583
onetree-cacherow-256-1,year_prediction_msd_xgb_model_save.json,gpu_sparse,4096,false,-1,-1
onetree-cacherow-256-1,abalone_xgb_model_save.json,gpu_reorg,4096,false,0.318738,0.309041
onetree-cacherow-256-1,airline_xgb_model_save.json,gpu_reorg,4096,false,0.0614917,0.0467383
onetree-cacherow-256-1,airline-ohe_xgb_model_save.json,gpu_reorg,4096,false,-1,-1
onetree-cacherow-256-1,covtype_xgb_model_save.json,gpu_reorg,4096,false,-1,-1
onetree-cacherow-256-1,epsilon_xgb_model_save.json,gpu_reorg,4096,false,-1,-1
onetree-cacherow-256-1,higgs_xgb_model_save.json,gpu_reorg,4096,false,0.0800952,0.0590723
onetree-cacherow-256-1,year_prediction_msd_xgb_model_save.json,gpu_reorg,4096,false,-1,-1
onetree-cacherow-256-2,abalone_xgb_model_save.json,gpu_array,4096,false,0.583977,0.574158
onetree-cacherow-256-2,airline_xgb_model_save.json,gpu_array,4096,false,0.0889185,0.0742676
onetree-cacherow-256-2,airline-ohe_xgb_model_save.json,gpu_array,4096,false,-1,-1
onetree-cacherow-256-2,covtype_xgb_model_save.json,gpu_array,4096,false,-1,-1
onetree-cacherow-256-2,epsilon_xgb_model_save.json,gpu_array,4096,false,-1,-1
onetree-cacherow-256-2,higgs_xgb_model_save.json,gpu_array,4096,false,0.111135,0.0883716
onetree-cacherow-256-2,year_prediction_msd_xgb_model_save.json,gpu_array,4096,false,-1,-1
onetree-cacherow-256-2,abalone_xgb_model_save.json,gpu_sparse,4096,false,0.562932,0.55322
onetree-cacherow-256-2,airline_xgb_model_save.json,gpu_sparse,4096,false,0.0868384,0.0719434
onetree-cacherow-256-2,airline-ohe_xgb_model_save.json,gpu_sparse,4096,false,-1,-1
onetree-cacherow-256-2,covtype_xgb_model_save.json,gpu_sparse,4096,false,-1,-1
onetree-cacherow-256-2,epsilon_xgb_model_save.json,gpu_sparse,4096,false,-1,-1
onetree-cacherow-256-2,higgs_xgb_model_save.json,gpu_sparse,4096,false,0.106616,0.0856519
onetree-cacherow-256-2,year_prediction_msd_xgb_model_save.json,gpu_sparse,4096,false,-1,-1
onetree-cacherow-256-2,abalone_xgb_model_save.json,gpu_reorg,4096,false,0.498132,0.487764
onetree-cacherow-256-2,airline_xgb_model_save.json,gpu_reorg,4096,false,0.0893188,0.0733423
onetree-cacherow-256-2,airline-ohe_xgb_model_save.json,gpu_reorg,4096,false,-1,-1
onetree-cacherow-256-2,covtype_xgb_model_save.json,gpu_reorg,4096,false,-1,-1
onetree-cacherow-256-2,epsilon_xgb_model_save.json,gpu_reorg,4096,false,-1,-1
onetree-cacherow-256-2,higgs_xgb_model_save.json,gpu_reorg,4096,false,0.108132,0.0851318
onetree-cacherow-256-2,year_prediction_msd_xgb_model_save.json,gpu_reorg,4096,false,-1,-1
onetree-cacherow-256-4,abalone_xgb_model_save.json,gpu_array,4096,false,0.827224,0.816763
onetree-cacherow-256-4,airline_xgb_model_save.json,gpu_array,4096,false,0.126106,0.111768
onetree-cacherow-256-4,airline-ohe_xgb_model_save.json,gpu_array,4096,false,-1,-1
onetree-cacherow-256-4,covtype_xgb_model_save.json,gpu_array,4096,false,-1,-1
onetree-cacherow-256-4,epsilon_xgb_model_save.json,gpu_array,4096,false,-1,-1
onetree-cacherow-256-4,higgs_xgb_model_save.json,gpu_array,4096,false,0.149246,0.126436
onetree-cacherow-256-4,year_prediction_msd_xgb_model_save.json,gpu_array,4096,false,-1,-1
onetree-cacherow-256-4,abalone_xgb_model_save.json,gpu_sparse,4096,false,0.777463,0.767861
onetree-cacherow-256-4,airline_xgb_model_save.json,gpu_sparse,4096,false,0.119014,0.104629
onetree-cacherow-256-4,airline-ohe_xgb_model_save.json,gpu_sparse,4096,false,-1,-1
onetree-cacherow-256-4,covtype_xgb_model_save.json,gpu_sparse,4096,false,-1,-1
onetree-cacherow-256-4,epsilon_xgb_model_save.json,gpu_sparse,4096,false,-1,-1
onetree-cacherow-256-4,higgs_xgb_model_save.json,gpu_sparse,4096,false,0.140908,0.119934
onetree-cacherow-256-4,year_prediction_msd_xgb_model_save.json,gpu_sparse,4096,false,-1,-1
onetree-cacherow-256-4,abalone_xgb_model_save.json,gpu_reorg,4096,false,0.766472,0.755967
onetree-cacherow-256-4,airline_xgb_model_save.json,gpu_reorg,4096,false,0.133992,0.117969
onetree-cacherow-256-4,airline-ohe_xgb_model_save.json,gpu_reorg,4096,false,-1,-1
onetree-cacherow-256-4,covtype_xgb_model_save.json,gpu_reorg,4096,false,-1,-1
onetree-cacherow-256-4,epsilon_xgb_model_save.json,gpu_reorg,4096,false,-1,-1
onetree-cacherow-256-4,higgs_xgb_model_save.json,gpu_reorg,4096,false,0.155654,0.132925
onetree-cacherow-256-4,year_prediction_msd_xgb_model_save.json,gpu_reorg,4096,false,-1,-1
onetree-cacherow-256-16,abalone_xgb_model_save.json,gpu_array,4096,false,2.36841,2.35796
onetree-cacherow-256-16,airline_xgb_model_save.json,gpu_array,4096,false,0.343997,0.328169
onetree-cacherow-256-16,airline-ohe_xgb_model_save.json,gpu_array,4096,false,-1,-1
onetree-cacherow-256-16,covtype_xgb_model_save.json,gpu_array,4096,false,-1,-1
onetree-cacherow-256-16,epsilon_xgb_model_save.json,gpu_array,4096,false,-1,-1
onetree-cacherow-256-16,higgs_xgb_model_save.json,gpu_array,4096,false,0.367119,0.344116
onetree-cacherow-256-16,year_prediction_msd_xgb_model_save.json,gpu_array,4096,false,-1,-1
onetree-cacherow-256-16,abalone_xgb_model_save.json,gpu_sparse,4096,false,2.16049,2.15082
onetree-cacherow-256-16,airline_xgb_model_save.json,gpu_sparse,4096,false,0.317126,0.301177
onetree-cacherow-256-16,airline-ohe_xgb_model_save.json,gpu_sparse,4096,false,-1,-1
onetree-cacherow-256-16,covtype_xgb_model_save.json,gpu_sparse,4096,false,-1,-1
onetree-cacherow-256-16,epsilon_xgb_model_save.json,gpu_sparse,4096,false,-1,-1
onetree-cacherow-256-16,higgs_xgb_model_save.json,gpu_sparse,4096,false,0.339614,0.317009
onetree-cacherow-256-16,year_prediction_msd_xgb_model_save.json,gpu_sparse,4096,false,-1,-1
onetree-cacherow-256-16,abalone_xgb_model_save.json,gpu_reorg,4096,false,2.48881,2.47848
onetree-cacherow-256-16,airline_xgb_model_save.json,gpu_reorg,4096,false,0.37877,0.364409
onetree-cacherow-256-16,airline-ohe_xgb_model_save.json,gpu_reorg,4096,false,-1,-1
onetree-cacherow-256-16,covtype_xgb_model_save.json,gpu_reorg,4096,false,-1,-1
onetree-cacherow-256-16,epsilon_xgb_model_save.json,gpu_reorg,4096,false,-1,-1
onetree-cacherow-256-16,higgs_xgb_model_save.json,gpu_reorg,4096,false,0.424241,0.401621
onetree-cacherow-256-16,year_prediction_msd_xgb_model_save.json,gpu_reorg,4096,false,-1,-1
onetree-cacherow-512-1,abalone_xgb_model_save.json,gpu_array,4096,false,0.471995,0.46189
onetree-cacherow-512-1,airline_xgb_model_save.json,gpu_array,4096,false,0.0626123,0.0478101
onetree-cacherow-512-1,airline-ohe_xgb_model_save.json,gpu_array,4096,false,-1,-1
onetree-cacherow-512-1,covtype_xgb_model_save.json,gpu_array,4096,false,-1,-1
onetree-cacherow-512-1,epsilon_xgb_model_save.json,gpu_array,4096,false,-1,-1
onetree-cacherow-512-1,higgs_xgb_model_save.json,gpu_array,4096,false,-1,-1
onetree-cacherow-512-1,year_prediction_msd_xgb_model_save.json,gpu_array,4096,false,-1,-1
onetree-cacherow-512-1,abalone_xgb_model_save.json,gpu_sparse,4096,false,0.471877,0.46228
onetree-cacherow-512-1,airline_xgb_model_save.json,gpu_sparse,4096,false,0.061272,0.0470972
onetree-cacherow-512-1,airline-ohe_xgb_model_save.json,gpu_sparse,4096,false,-1,-1
onetree-cacherow-512-1,covtype_xgb_model_save.json,gpu_sparse,4096,false,-1,-1
onetree-cacherow-512-1,epsilon_xgb_model_save.json,gpu_sparse,4096,false,-1,-1
onetree-cacherow-512-1,higgs_xgb_model_save.json,gpu_sparse,4096,false,-1,-1
onetree-cacherow-512-1,year_prediction_msd_xgb_model_save.json,gpu_sparse,4096,false,-1,-1
onetree-cacherow-512-1,abalone_xgb_model_save.json,gpu_reorg,4096,false,0.392695,0.382949
onetree-cacherow-512-1,airline_xgb_model_save.json,gpu_reorg,4096,false,0.0673242,0.0531177
onetree-cacherow-512-1,airline-ohe_xgb_model_save.json,gpu_reorg,4096,false,-1,-1
onetree-cacherow-512-1,covtype_xgb_model_save.json,gpu_reorg,4096,false,-1,-1
onetree-cacherow-512-1,epsilon_xgb_model_save.json,gpu_reorg,4096,false,-1,-1
onetree-cacherow-512-1,higgs_xgb_model_save.json,gpu_reorg,4096,false,-1,-1
onetree-cacherow-512-1,year_prediction_msd_xgb_model_save.json,gpu_reorg,4096,false,-1,-1
onetree-cacherow-512-2,abalone_xgb_model_save.json,gpu_array,4096,false,0.609692,0.59928
onetree-cacherow-512-2,airline_xgb_model_save.json,gpu_array,4096,false,0.0882104,0.0731616
onetree-cacherow-512-2,airline-ohe_xgb_model_save.json,gpu_array,4096,false,-1,-1
onetree-cacherow-512-2,covtype_xgb_model_save.json,gpu_array,4096,false,-1,-1
onetree-cacherow-512-2,epsilon_xgb_model_save.json,gpu_array,4096,false,-1,-1
onetree-cacherow-512-2,higgs_xgb_model_save.json,gpu_array,4096,false,-1,-1
onetree-cacherow-512-2,year_prediction_msd_xgb_model_save.json,gpu_array,4096,false,-1,-1
onetree-cacherow-512-2,abalone_xgb_model_save.json,gpu_sparse,4096,false,0.594478,0.584026
onetree-cacherow-512-2,airline_xgb_model_save.json,gpu_sparse,4096,false,0.0857104,0.0710107
onetree-cacherow-512-2,airline-ohe_xgb_model_save.json,gpu_sparse,4096,false,-1,-1
onetree-cacherow-512-2,covtype_xgb_model_save.json,gpu_sparse,4096,false,-1,-1
onetree-cacherow-512-2,epsilon_xgb_model_save.json,gpu_sparse,4096,false,-1,-1
onetree-cacherow-512-2,higgs_xgb_model_save.json,gpu_sparse,4096,false,-1,-1
onetree-cacherow-512-2,year_prediction_msd_xgb_model_save.json,gpu_sparse,4096,false,-1,-1
onetree-cacherow-512-2,abalone_xgb_model_save.json,gpu_reorg,4096,false,0.557786,0.547998
onetree-cacherow-512-2,airline_xgb_model_save.json,gpu_reorg,4096,false,0.101648,0.0842676
onetree-cacherow-512-2,airline-ohe_xgb_model_save.json,gpu_reorg,4096,false,-1,-1
onetree-cacherow-512-2,covtype_xgb_model_save.json,gpu_reorg,4096,false,-1,-1
onetree-cacherow-512-2,epsilon_xgb_model_save.json,gpu_reorg,4096,false,-1,-1
onetree-cacherow-512-2,higgs_xgb_model_save.json,gpu_reorg,4096,false,-1,-1
onetree-cacherow-512-2,year_prediction_msd_xgb_model_save.json,gpu_reorg,4096,false,-1,-1
onetree-cacherow-512-4,abalone_xgb_model_save.json,gpu_array,4096,false,0.874729,0.864441
onetree-cacherow-512-4,airline_xgb_model_save.json,gpu_array,4096,false,0.131233,0.115432
onetree-cacherow-512-4,airline-ohe_xgb_model_save.json,gpu_array,4096,false,-1,-1
onetree-cacherow-512-4,covtype_xgb_model_save.json,gpu_array,4096,false,-1,-1
onetree-cacherow-512-4,epsilon_xgb_model_save.json,gpu_array,4096,false,-1,-1
onetree-cacherow-512-4,higgs_xgb_model_save.json,gpu_array,4096,false,-1,-1
onetree-cacherow-512-4,year_prediction_msd_xgb_model_save.json,gpu_array,4096,false,-1,-1
onetree-cacherow-512-4,abalone_xgb_model_save.json,gpu_sparse,4096,false,0.824072,0.814343
onetree-cacherow-512-4,airline_xgb_model_save.json,gpu_sparse,4096,false,0.124744,0.109043
onetree-cacherow-512-4,airline-ohe_xgb_model_save.json,gpu_sparse,4096,false,-1,-1
onetree-cacherow-512-4,covtype_xgb_model_save.json,gpu_sparse,4096,false,-1,-1
onetree-cacherow-512-4,epsilon_xgb_model_save.json,gpu_sparse,4096,false,-1,-1
onetree-cacherow-512-4,higgs_xgb_model_save.json,gpu_sparse,4096,false,-1,-1
onetree-cacherow-512-4,year_prediction_msd_xgb_model_save.json,gpu_sparse,4096,false,-1,-1
onetree-cacherow-512-4,abalone_xgb_model_save.json,gpu_reorg,4096,false,0.845784,0.835527
onetree-cacherow-512-4,airline_xgb_model_save.json,gpu_reorg,4096,false,0.142839,0.128472
onetree-cacherow-512-4,airline-ohe_xgb_model_save.json,gpu_reorg,4096,false,-1,-1
onetree-cacherow-512-4,covtype_xgb_model_save.json,gpu_reorg,4096,false,-1,-1
onetree-cacherow-512-4,epsilon_xgb_model_save.json,gpu_reorg,4096,false,-1,-1
onetree-cacherow-512-4,higgs_xgb_model_save.json,gpu_reorg,4096,false,-1,-1
onetree-cacherow-512-4,year_prediction_msd_xgb_model_save.json,gpu_reorg,4096,false,-1,-1
onetree-cacherow-512-16,abalone_xgb_model_save.json,gpu_array,4096,false,2.4724,2.46191
onetree-cacherow-512-16,airline_xgb_model_save.json,gpu_array,4096,false,0.3654,0.350962
onetree-cacherow-512-16,airline-ohe_xgb_model_save.json,gpu_array,4096,false,-1,-1
onetree-cacherow-512-16,covtype_xgb_model_save.json,gpu_array,4096,false,-1,-1
onetree-cacherow-512-16,epsilon_xgb_model_save.json,gpu_array,4096,false,-1,-1
onetree-cacherow-512-16,higgs_xgb_model_save.json,gpu_array,4096,false,-1,-1
onetree-cacherow-512-16,year_prediction_msd_xgb_model_save.json,gpu_array,4096,false,-1,-1
onetree-cacherow-512-16,abalone_xgb_model_save.json,gpu_sparse,4096,false,2.26239,2.2523
onetree-cacherow-512-16,airline_xgb_model_save.json,gpu_sparse,4096,false,0.337808,0.32334
onetree-cacherow-512-16,airline-ohe_xgb_model_save.json,gpu_sparse,4096,false,-1,-1
onetree-cacherow-512-16,covtype_xgb_model_save.json,gpu_sparse,4096,false,-1,-1
onetree-cacherow-512-16,epsilon_xgb_model_save.json,gpu_sparse,4096,false,-1,-1
onetree-cacherow-512-16,higgs_xgb_model_save.json,gpu_sparse,4096,false,-1,-1
onetree-cacherow-512-16,year_prediction_msd_xgb_model_save.json,gpu_sparse,4096,false,-1,-1
onetree-cacherow-512-16,abalone_xgb_model_save.json,gpu_reorg,4096,false,2.66474,2.65492
onetree-cacherow-512-16,airline_xgb_model_save.json,gpu_reorg,4096,false,0.416521,0.402178
onetree-cacherow-512-16,airline-ohe_xgb_model_save.json,gpu_reorg,4096,false,-1,-1
onetree-cacherow-512-16,covtype_xgb_model_save.json,gpu_reorg,4096,false,-1,-1
onetree-cacherow-512-16,epsilon_xgb_model_save.json,gpu_reorg,4096,false,-1,-1
onetree-cacherow-512-16,higgs_xgb_model_save.json,gpu_reorg,4096,false,-1,-1
onetree-cacherow-512-16,year_prediction_msd_xgb_model_save.json,gpu_reorg,4096,false,-1,-1
onetree-cacherow-32-1,abalone_xgb_model_save.json,gpu_array,8192,false,0.661677,0.654048
onetree-cacherow-32-1,airline_xgb_model_save.json,gpu_array,8192,false,0.0803625,0.0685547
onetree-cacherow-32-1,airline-ohe_xgb_model_save.json,gpu_array,8192,false,-1,-1
onetree-cacherow-32-1,covtype_xgb_model_save.json,gpu_array,8192,false,0.757872,0.729059
onetree-cacherow-32-1,epsilon_xgb_model_save.json,gpu_array,8192,false,-1,-1
onetree-cacherow-32-1,higgs_xgb_model_save.json,gpu_array,8192,false,0.108159,0.0899194
onetree-cacherow-32-1,year_prediction_msd_xgb_model_save.json,gpu_array,8192,false,0.132921,0.0839819
onetree-cacherow-32-1,abalone_xgb_model_save.json,gpu_sparse,8192,false,0.654971,0.647904
onetree-cacherow-32-1,airline_xgb_model_save.json,gpu_sparse,8192,false,0.0799854,0.0680481
onetree-cacherow-32-1,airline-ohe_xgb_model_save.json,gpu_sparse,8192,false,-1,-1
onetree-cacherow-32-1,covtype_xgb_model_save.json,gpu_sparse,8192,false,0.761774,0.730577
onetree-cacherow-32-1,epsilon_xgb_model_save.json,gpu_sparse,8192,false,-1,-1
onetree-cacherow-32-1,higgs_xgb_model_save.json,gpu_sparse,8192,false,0.107063,0.0888708
onetree-cacherow-32-1,year_prediction_msd_xgb_model_save.json,gpu_sparse,8192,false,0.13035,0.0829211
onetree-cacherow-32-1,abalone_xgb_model_save.json,gpu_reorg,8192,false,0.358893,0.351692
onetree-cacherow-32-1,airline_xgb_model_save.json,gpu_reorg,8192,false,0.0634753,0.0509509
onetree-cacherow-32-1,airline-ohe_xgb_model_save.json,gpu_reorg,8192,false,-1,-1
onetree-cacherow-32-1,covtype_xgb_model_save.json,gpu_reorg,8192,false,0.49694,0.456351
onetree-cacherow-32-1,epsilon_xgb_model_save.json,gpu_reorg,8192,false,-1,-1
onetree-cacherow-32-1,higgs_xgb_model_save.json,gpu_reorg,8192,false,0.0746033,0.0556604
onetree-cacherow-32-1,year_prediction_msd_xgb_model_save.json,gpu_reorg,8192,false,0.105947,0.0586572
onetree-cacherow-32-2,abalone_xgb_model_save.json,gpu_array,8192,false,0.835975,0.828369
onetree-cacherow-32-2,airline_xgb_model_save.json,gpu_array,8192,false,0.11427,0.10183
onetree-cacherow-32-2,airline-ohe_xgb_model_save.json,gpu_array,8192,false,-1,-1
onetree-cacherow-32-2,covtype_xgb_model_save.json,gpu_array,8192,false,0.961879,0.930502
onetree-cacherow-32-2,epsilon_xgb_model_save.json,gpu_array,8192,false,-1,-1
onetree-cacherow-32-2,higgs_xgb_model_save.json,gpu_array,8192,false,0.140497,0.122268
onetree-cacherow-32-2,year_prediction_msd_xgb_model_save.json,gpu_array,8192,false,0.157872,0.109618
onetree-cacherow-32-2,abalone_xgb_model_save.json,gpu_sparse,8192,false,0.813918,0.805341
onetree-cacherow-32-2,airline_xgb_model_save.json,gpu_sparse,8192,false,0.110575,0.0986511
onetree-cacherow-32-2,airline-ohe_xgb_model_save.json,gpu_sparse,8192,false,-1,-1
onetree-cacherow-32-2,covtype_xgb_model_save.json,gpu_sparse,8192,false,0.95808,0.929309
onetree-cacherow-32-2,epsilon_xgb_model_save.json,gpu_sparse,8192,false,-1,-1
onetree-cacherow-32-2,higgs_xgb_model_save.json,gpu_sparse,8192,false,0.137992,0.11967
onetree-cacherow-32-2,year_prediction_msd_xgb_model_save.json,gpu_sparse,8192,false,0.155321,0.10722
onetree-cacherow-32-2,abalone_xgb_model_save.json,gpu_reorg,8192,false,0.656846,0.64828
onetree-cacherow-32-2,airline_xgb_model_save.json,gpu_reorg,8192,false,0.106516,0.0943433
onetree-cacherow-32-2,airline-ohe_xgb_model_save.json,gpu_reorg,8192,false,-1,-1
onetree-cacherow-32-2,covtype_xgb_model_save.json,gpu_reorg,8192,false,0.859027,0.818632
onetree-cacherow-32-2,epsilon_xgb_model_save.json,gpu_reorg,8192,false,-1,-1
onetree-cacherow-32-2,higgs_xgb_model_save.json,gpu_reorg,8192,false,0.117893,0.099021
onetree-cacherow-32-2,year_prediction_msd_xgb_model_save.json,gpu_reorg,8192,false,0.146001,0.0987085
onetree-cacherow-32-4,abalone_xgb_model_save.json,gpu_array,8192,false,1.2476,1.23862
onetree-cacherow-32-4,airline_xgb_model_save.json,gpu_array,8192,false,0.168945,0.15705
onetree-cacherow-32-4,airline-ohe_xgb_model_save.json,gpu_array,8192,false,-1,-1
onetree-cacherow-32-4,covtype_xgb_model_save.json,gpu_array,8192,false,1.4223,1.39178
onetree-cacherow-32-4,epsilon_xgb_model_save.json,gpu_array,8192,false,-1,-1
onetree-cacherow-32-4,higgs_xgb_model_save.json,gpu_array,8192,false,0.196367,0.178031
onetree-cacherow-32-4,year_prediction_msd_xgb_model_save.json,gpu_array,8192,false,0.2115,0.163468
onetree-cacherow-32-4,abalone_xgb_model_save.json,gpu_sparse,8192,false,1.1914,1.18287
onetree-cacherow-32-4,airline_xgb_model_save.json,gpu_sparse,8192,false,0.161887,0.149515
onetree-cacherow-32-4,airline-ohe_xgb_model_save.json,gpu_sparse,8192,false,-1,-1
onetree-cacherow-32-4,covtype_xgb_model_save.json,gpu_sparse,8192,false,1.4253,1.39654
onetree-cacherow-32-4,epsilon_xgb_model_save.json,gpu_sparse,8192,false,-1,-1
onetree-cacherow-32-4,higgs_xgb_model_save.json,gpu_sparse,8192,false,0.189169,0.170417
onetree-cacherow-32-4,year_prediction_msd_xgb_model_save.json,gpu_sparse,8192,false,0.205764,0.157108
onetree-cacherow-32-4,abalone_xgb_model_save.json,gpu_reorg,8192,false,1.3687,1.36024
onetree-cacherow-32-4,airline_xgb_model_save.json,gpu_reorg,8192,false,0.178647,0.166791
onetree-cacherow-32-4,airline-ohe_xgb_model_save.json,gpu_reorg,8192,false,-1,-1
onetree-cacherow-32-4,covtype_xgb_model_save.json,gpu_reorg,8192,false,1.77055,1.72977
onetree-cacherow-32-4,epsilon_xgb_model_save.json,gpu_reorg,8192,false,-1,-1
onetree-cacherow-32-4,higgs_xgb_model_save.json,gpu_reorg,8192,false,0.199349,0.18037
onetree-cacherow-32-4,year_prediction_msd_xgb_model_save.json,gpu_reorg,8192,false,0.220073,0.17234
onetree-cacherow-32-16,abalone_xgb_model_save.json,gpu_array,8192,false,3.81421,3.80499
onetree-cacherow-32-16,airline_xgb_model_save.json,gpu_array,8192,false,0.511398,0.499459
onetree-cacherow-32-16,airline-ohe_xgb_model_save.json,gpu_array,8192,false,-1,-1
onetree-cacherow-32-16,covtype_xgb_model_save.json,gpu_array,8192,false,3.95128,3.92067
onetree-cacherow-32-16,epsilon_xgb_model_save.json,gpu_array,8192,false,-1,-1
onetree-cacherow-32-16,higgs_xgb_model_save.json,gpu_array,8192,false,0.540542,0.521582
onetree-cacherow-32-16,year_prediction_msd_xgb_model_save.json,gpu_array,8192,false,0.679609,0.632405
onetree-cacherow-32-16,abalone_xgb_model_save.json,gpu_sparse,8192,false,3.57126,3.56193
onetree-cacherow-32-16,airline_xgb_model_save.json,gpu_sparse,8192,false,0.48145,0.468999
onetree-cacherow-32-16,airline-ohe_xgb_model_save.json,gpu_sparse,8192,false,-1,-1
onetree-cacherow-32-16,covtype_xgb_model_save.json,gpu_sparse,8192,false,3.84211,3.81341
onetree-cacherow-32-16,epsilon_xgb_model_save.json,gpu_sparse,8192,false,-1,-1
onetree-cacherow-32-16,higgs_xgb_model_save.json,gpu_sparse,8192,false,0.509672,0.490802
onetree-cacherow-32-16,year_prediction_msd_xgb_model_save.json,gpu_sparse,8192,false,0.634399,0.586331
onetree-cacherow-32-16,abalone_xgb_model_save.json,gpu_reorg,8192,false,5.2988,5.28967
onetree-cacherow-32-16,airline_xgb_model_save.json,gpu_reorg,8192,false,0.66345,0.651469
onetree-cacherow-32-16,airline-ohe_xgb_model_save.json,gpu_reorg,8192,false,-1,-1
onetree-cacherow-32-16,covtype_xgb_model_save.json,gpu_reorg,8192,false,7.12964,7.08872
onetree-cacherow-32-16,epsilon_xgb_model_save.json,gpu_reorg,8192,false,-1,-1
onetree-cacherow-32-16,higgs_xgb_model_save.json,gpu_reorg,8192,false,0.741006,0.722601
onetree-cacherow-32-16,year_prediction_msd_xgb_model_save.json,gpu_reorg,8192,false,1.19408,1.14561
onetree-cacherow-64-1,abalone_xgb_model_save.json,gpu_array,8192,false,0.457189,0.448156
onetree-cacherow-64-1,airline_xgb_model_save.json,gpu_array,8192,false,0.0652441,0.05276
onetree-cacherow-64-1,airline-ohe_xgb_model_save.json,gpu_array,8192,false,-1,-1
onetree-cacherow-64-1,covtype_xgb_model_save.json,gpu_array,8192,false,0.566558,0.538397
onetree-cacherow-64-1,epsilon_xgb_model_save.json,gpu_array,8192,false,-1,-1
onetree-cacherow-64-1,higgs_xgb_model_save.json,gpu_array,8192,false,0.0728833,0.0539758
onetree-cacherow-64-1,year_prediction_msd_xgb_model_save.json,gpu_array,8192,false,0.104561,0.0572229
onetree-cacherow-64-1,abalone_xgb_model_save.json,gpu_sparse,8192,false,0.451791,0.442814
onetree-cacherow-64-1,airline_xgb_model_save.json,gpu_sparse,8192,false,0.064198,0.052334
onetree-cacherow-64-1,airline-ohe_xgb_model_save.json,gpu_sparse,8192,false,-1,-1
onetree-cacherow-64-1,covtype_xgb_model_save.json,gpu_sparse,8192,false,0.562247,0.534644
onetree-cacherow-64-1,epsilon_xgb_model_save.json,gpu_sparse,8192,false,-1,-1
onetree-cacherow-64-1,higgs_xgb_model_save.json,gpu_sparse,8192,false,0.0722632,0.0534607
onetree-cacherow-64-1,year_prediction_msd_xgb_model_save.json,gpu_sparse,8192,false,0.104744,0.0565625
onetree-cacherow-64-1,abalone_xgb_model_save.json,gpu_reorg,8192,false,0.325458,0.316357
onetree-cacherow-64-1,airline_xgb_model_save.json,gpu_reorg,8192,false,0.0539331,0.0415454
onetree-cacherow-64-1,airline-ohe_xgb_model_save.json,gpu_reorg,8192,false,-1,-1
onetree-cacherow-64-1,covtype_xgb_model_save.json,gpu_reorg,8192,false,0.453264,0.412488
onetree-cacherow-64-1,epsilon_xgb_model_save.json,gpu_reorg,8192,false,-1,-1
onetree-cacherow-64-1,higgs_xgb_model_save.json,gpu_reorg,8192,false,0.0612573,0.042168
onetree-cacherow-64-1,year_prediction_msd_xgb_model_save.json,gpu_reorg,8192,false,0.0912354,0.0433228
onetree-cacherow-64-2,abalone_xgb_model_save.json,gpu_array,8192,false,0.56603,0.557015
onetree-cacherow-64-2,airline_xgb_model_save.json,gpu_array,8192,false,0.0842712,0.072417
onetree-cacherow-64-2,airline-ohe_xgb_model_save.json,gpu_array,8192,false,-1,-1
onetree-cacherow-64-2,covtype_xgb_model_save.json,gpu_array,8192,false,0.71256,0.680961
onetree-cacherow-64-2,epsilon_xgb_model_save.json,gpu_array,8192,false,-1,-1
onetree-cacherow-64-2,higgs_xgb_model_save.json,gpu_array,8192,false,0.100518,0.0814856
onetree-cacherow-64-2,year_prediction_msd_xgb_model_save.json,gpu_array,8192,false,0.12337,0.0751917
onetree-cacherow-64-2,abalone_xgb_model_save.json,gpu_sparse,8192,false,0.547942,0.539459
onetree-cacherow-64-2,airline_xgb_model_save.json,gpu_sparse,8192,false,0.0825012,0.0699731
onetree-cacherow-64-2,airline-ohe_xgb_model_save.json,gpu_sparse,8192,false,-1,-1
onetree-cacherow-64-2,covtype_xgb_model_save.json,gpu_sparse,8192,false,0.708119,0.6777
onetree-cacherow-64-2,epsilon_xgb_model_save.json,gpu_sparse,8192,false,-1,-1
onetree-cacherow-64-2,higgs_xgb_model_save.json,gpu_sparse,8192,false,0.0965588,0.0781836
onetree-cacherow-64-2,year_prediction_msd_xgb_model_save.json,gpu_sparse,8192,false,0.121024,0.0730151
onetree-cacherow-64-2,abalone_xgb_model_save.json,gpu_reorg,8192,false,0.444651,0.436176
onetree-cacherow-64-2,airline_xgb_model_save.json,gpu_reorg,8192,false,0.0825684,0.0701038
onetree-cacherow-64-2,airline-ohe_xgb_model_save.json,gpu_reorg,8192,false,-1,-1
onetree-cacherow-64-2,covtype_xgb_model_save.json,gpu_reorg,8192,false,0.693673,0.653008
onetree-cacherow-64-2,epsilon_xgb_model_save.json,gpu_reorg,8192,false,-1,-1
onetree-cacherow-64-2,higgs_xgb_model_save.json,gpu_reorg,8192,false,0.0885828,0.0696277
onetree-cacherow-64-2,year_prediction_msd_xgb_model_save.json,gpu_reorg,8192,false,0.118092,0.070022
onetree-cacherow-64-4,abalone_xgb_model_save.json,gpu_array,8192,false,0.829058,0.820571
onetree-cacherow-64-4,airline_xgb_model_save.json,gpu_array,8192,false,0.120165,0.108324
onetree-cacherow-64-4,airline-ohe_xgb_model_save.json,gpu_array,8192,false,-1,-1
onetree-cacherow-64-4,covtype_xgb_model_save.json,gpu_array,8192,false,1.06007,1.03171
onetree-cacherow-64-4,epsilon_xgb_model_save.json,gpu_array,8192,false,-1,-1
onetree-cacherow-64-4,higgs_xgb_model_save.json,gpu_array,8192,false,0.138827,0.12045
onetree-cacherow-64-4,year_prediction_msd_xgb_model_save.json,gpu_array,8192,false,0.160719,0.11272
onetree-cacherow-64-4,abalone_xgb_model_save.json,gpu_sparse,8192,false,0.79425,0.78514
onetree-cacherow-64-4,airline_xgb_model_save.json,gpu_sparse,8192,false,0.116716,0.104811
onetree-cacherow-64-4,airline-ohe_xgb_model_save.json,gpu_sparse,8192,false,-1,-1
onetree-cacherow-64-4,covtype_xgb_model_save.json,gpu_sparse,8192,false,1.04271,1.0113
onetree-cacherow-64-4,epsilon_xgb_model_save.json,gpu_sparse,8192,false,-1,-1
onetree-cacherow-64-4,higgs_xgb_model_save.json,gpu_sparse,8192,false,0.133286,0.114891
onetree-cacherow-64-4,year_prediction_msd_xgb_model_save.json,gpu_sparse,8192,false,0.15561,0.108137
onetree-cacherow-64-4,abalone_xgb_model_save.json,gpu_reorg,8192,false,0.792726,0.783671
onetree-cacherow-64-4,airline_xgb_model_save.json,gpu_reorg,8192,false,0.122277,0.110435
onetree-cacherow-64-4,airline-ohe_xgb_model_save.json,gpu_reorg,8192,false,-1,-1
onetree-cacherow-64-4,covtype_xgb_model_save.json,gpu_reorg,8192,false,1.10286,1.06232
onetree-cacherow-64-4,epsilon_xgb_model_save.json,gpu_reorg,8192,false,-1,-1
onetree-cacherow-64-4,higgs_xgb_model_save.json,gpu_reorg,8192,false,0.140564,0.122173
onetree-cacherow-64-4,year_prediction_msd_xgb_model_save.json,gpu_reorg,8192,false,0.166882,0.119413
onetree-cacherow-64-16,abalone_xgb_model_save.json,gpu_array,8192,false,2.46682,2.45783
onetree-cacherow-64-16,airline_xgb_model_save.json,gpu_array,8192,false,0.338345,0.326487
onetree-cacherow-64-16,airline-ohe_xgb_model_save.json,gpu_array,8192,false,-1,-1
onetree-cacherow-64-16,covtype_xgb_model_save.json,gpu_array,8192,false,2.78148,2.75318
onetree-cacherow-64-16,epsilon_xgb_model_save.json,gpu_array,8192,false,-1,-1
onetree-cacherow-64-16,higgs_xgb_model_save.json,gpu_array,8192,false,0.362441,0.343523
onetree-cacherow-64-16,year_prediction_msd_xgb_model_save.json,gpu_array,8192,false,0.357668,0.309482
onetree-cacherow-64-16,abalone_xgb_model_save.json,gpu_sparse,8192,false,2.31149,2.30378
onetree-cacherow-64-16,airline_xgb_model_save.json,gpu_sparse,8192,false,0.316715,0.304774
onetree-cacherow-64-16,airline-ohe_xgb_model_save.json,gpu_sparse,8192,false,-1,-1
onetree-cacherow-64-16,covtype_xgb_model_save.json,gpu_sparse,8192,false,2.67238,2.64069
onetree-cacherow-64-16,epsilon_xgb_model_save.json,gpu_sparse,8192,false,-1,-1
onetree-cacherow-64-16,higgs_xgb_model_save.json,gpu_sparse,8192,false,0.340815,0.322372
onetree-cacherow-64-16,year_prediction_msd_xgb_model_save.json,gpu_sparse,8192,false,0.334082,0.286615
onetree-cacherow-64-16,abalone_xgb_model_save.json,gpu_reorg,8192,false,3.0396,3.0311
onetree-cacherow-64-16,airline_xgb_model_save.json,gpu_reorg,8192,false,0.3962,0.384325
onetree-cacherow-64-16,airline-ohe_xgb_model_save.json,gpu_reorg,8192,false,-1,-1
onetree-cacherow-64-16,covtype_xgb_model_save.json,gpu_reorg,8192,false,4.04046,3.99951
onetree-cacherow-64-16,epsilon_xgb_model_save.json,gpu_reorg,8192,false,-1,-1
onetree-cacherow-64-16,higgs_xgb_model_save.json,gpu_reorg,8192,false,0.453002,0.434554
onetree-cacherow-64-16,year_prediction_msd_xgb_model_save.json,gpu_reorg,8192,false,0.61593,0.568478
onetree-cacherow-256-1,abalone_xgb_model_save.json,gpu_array,8192,false,0.466089,0.457625
onetree-cacherow-256-1,airline_xgb_model_save.json,gpu_array,8192,false,0.067627,0.0550415
onetree-cacherow-256-1,airline-ohe_xgb_model_save.json,gpu_array,8192,false,-1,-1
onetree-cacherow-256-1,covtype_xgb_model_save.json,gpu_array,8192,false,-1,-1
onetree-cacherow-256-1,epsilon_xgb_model_save.json,gpu_array,8192,false,-1,-1
onetree-cacherow-256-1,higgs_xgb_model_save.json,gpu_array,8192,false,0.0740698,0.0550464
onetree-cacherow-256-1,year_prediction_msd_xgb_model_save.json,gpu_array,8192,false,-1,-1
onetree-cacherow-256-1,abalone_xgb_model_save.json,gpu_sparse,8192,false,0.463373,0.454266
onetree-cacherow-256-1,airline_xgb_model_save.json,gpu_sparse,8192,false,0.0671265,0.05453
onetree-cacherow-256-1,airline-ohe_xgb_model_save.json,gpu_sparse,8192,false,-1,-1
onetree-cacherow-256-1,covtype_xgb_model_save.json,gpu_sparse,8192,false,-1,-1
onetree-cacherow-256-1,epsilon_xgb_model_save.json,gpu_sparse,8192,false,-1,-1
onetree-cacherow-256-1,higgs_xgb_model_save.json,gpu_sparse,8192,false,0.0738208,0.0548499
onetree-cacherow-256-1,year_prediction_msd_xgb_model_save.json,gpu_sparse,8192,false,-1,-1
onetree-cacherow-256-1,abalone_xgb_model_save.json,gpu_reorg,8192,false,0.349454,0.340917
onetree-cacherow-256-1,airline_xgb_model_save.json,gpu_reorg,8192,false,0.058158,0.0462793
onetree-cacherow-256-1,airline-ohe_xgb_model_save.json,gpu_reorg,8192,false,-1,-1
onetree-cacherow-256-1,covtype_xgb_model_save.json,gpu_reorg,8192,false,-1,-1
onetree-cacherow-256-1,epsilon_xgb_model_save.json,gpu_reorg,8192,false,-1,-1
onetree-cacherow-256-1,higgs_xgb_model_save.json,gpu_reorg,8192,false,0.0658582,0.0474988
onetree-cacherow-256-1,year_prediction_msd_xgb_model_save.json,gpu_reorg,8192,false,-1,-1
onetree-cacherow-256-2,abalone_xgb_model_save.json,gpu_array,8192,false,0.315728,0.30729
onetree-cacherow-256-2,airline_xgb_model_save.json,gpu_array,8192,false,0.0574084,0.0455603
onetree-cacherow-256-2,airline-ohe_xgb_model_save.json,gpu_array,8192,false,-1,-1
onetree-cacherow-256-2,covtype_xgb_model_save.json,gpu_array,8192,false,-1,-1
onetree-cacherow-256-2,epsilon_xgb_model_save.json,gpu_array,8192,false,-1,-1
onetree-cacherow-256-2,higgs_xgb_model_save.json,gpu_array,8192,false,0.0641797,0.0458252
onetree-cacherow-256-2,year_prediction_msd_xgb_model_save.json,gpu_array,8192,false,-1,-1
onetree-cacherow-256-2,abalone_xgb_model_save.json,gpu_sparse,8192,false,0.312533,0.304128
onetree-cacherow-256-2,airline_xgb_model_save.json,gpu_sparse,8192,false,0.0577673,0.0453198
onetree-cacherow-256-2,airline-ohe_xgb_model_save.json,gpu_sparse,8192,false,-1,-1
onetree-cacherow-256-2,covtype_xgb_model_save.json,gpu_sparse,8192,false,-1,-1
onetree-cacherow-256-2,epsilon_xgb_model_save.json,gpu_sparse,8192,false,-1,-1
onetree-cacherow-256-2,higgs_xgb_model_save.json,gpu_sparse,8192,false,0.0638953,0.0455237
onetree-cacherow-256-2,year_prediction_msd_xgb_model_save.json,gpu_sparse,8192,false,-1,-1
onetree-cacherow-256-2,abalone_xgb_model_save.json,gpu_reorg,8192,false,0.353019,0.344567
onetree-cacherow-256-2,airline_xgb_model_save.json,gpu_reorg,8192,false,0.0581067,0.0462732
onetree-cacherow-256-2,airline-ohe_xgb_model_save.json,gpu_reorg,8192,false,-1,-1
onetree-cacherow-256-2,covtype_xgb_model_save.json,gpu_reorg,8192,false,-1,-1
onetree-cacherow-256-2,epsilon_xgb_model_save.json,gpu_reorg,8192,false,-1,-1
onetree-cacherow-256-2,higgs_xgb_model_save.json,gpu_reorg,8192,false,0.0662732,0.0473181
onetree-cacherow-256-2,year_prediction_msd_xgb_model_save.json,gpu_reorg,8192,false,-1,-1
onetree-cacherow-256-4,abalone_xgb_model_save.json,gpu_array,8192,false,0.43306,0.424559
onetree-cacherow-256-4,airline_xgb_model_save.json,gpu_array,8192,false,0.0733533,0.061532
onetree-cacherow-256-4,airline-ohe_xgb_model_save.json,gpu_array,8192,false,-1,-1
onetree-cacherow-256-4,covtype_xgb_model_save.json,gpu_array,8192,false,-1,-1
onetree-cacherow-256-4,epsilon_xgb_model_save.json,gpu_array,8192,false,-1,-1
onetree-cacherow-256-4,higgs_xgb_model_save.json,gpu_array,8192,false,0.0816614,0.0632471
onetree-cacherow-256-4,year_prediction_msd_xgb_model_save.json,gpu_array,8192,false,-1,-1
onetree-cacherow-256-4,abalone_xgb_model_save.json,gpu_sparse,8192,false,0.410354,0.40196
onetree-cacherow-256-4,airline_xgb_model_save.json,gpu_sparse,8192,false,0.0710034,0.0585425
onetree-cacherow-256-4,airline-ohe_xgb_model_save.json,gpu_sparse,8192,false,-1,-1
onetree-cacherow-256-4,covtype_xgb_model_save.json,gpu_sparse,8192,false,-1,-1
onetree-cacherow-256-4,epsilon_xgb_model_save.json,gpu_sparse,8192,false,-1,-1
onetree-cacherow-256-4,higgs_xgb_model_save.json,gpu_sparse,8192,false,0.0793286,0.0603027
onetree-cacherow-256-4,year_prediction_msd_xgb_model_save.json,gpu_sparse,8192,false,-1,-1
onetree-cacherow-256-4,abalone_xgb_model_save.json,gpu_reorg,8192,false,0.506587,0.497637
onetree-cacherow-256-4,airline_xgb_model_save.json,gpu_reorg,8192,false,0.0737488,0.0617798
onetree-cacherow-256-4,airline-ohe_xgb_model_save.json,gpu_reorg,8192,false,-1,-1
onetree-cacherow-256-4,covtype_xgb_model_save.json,gpu_reorg,8192,false,-1,-1
onetree-cacherow-256-4,epsilon_xgb_model_save.json,gpu_reorg,8192,false,-1,-1
onetree-cacherow-256-4,higgs_xgb_model_save.json,gpu_reorg,8192,false,0.086864,0.0685571
onetree-cacherow-256-4,year_prediction_msd_xgb_model_save.json,gpu_reorg,8192,false,-1,-1
onetree-cacherow-256-16,abalone_xgb_model_save.json,gpu_array,8192,false,1.19462,1.18622
onetree-cacherow-256-16,airline_xgb_model_save.json,gpu_array,8192,false,0.175912,0.163374
onetree-cacherow-256-16,airline-ohe_xgb_model_save.json,gpu_array,8192,false,-1,-1
onetree-cacherow-256-16,covtype_xgb_model_save.json,gpu_array,8192,false,-1,-1
onetree-cacherow-256-16,epsilon_xgb_model_save.json,gpu_array,8192,false,-1,-1
onetree-cacherow-256-16,higgs_xgb_model_save.json,gpu_array,8192,false,0.187114,0.168792
onetree-cacherow-256-16,year_prediction_msd_xgb_model_save.json,gpu_array,8192,false,-1,-1
onetree-cacherow-256-16,abalone_xgb_model_save.json,gpu_sparse,8192,false,1.09408,1.08505
onetree-cacherow-256-16,airline_xgb_model_save.json,gpu_sparse,8192,false,0.161873,0.149941
onetree-cacherow-256-16,airline-ohe_xgb_model_save.json,gpu_sparse,8192,false,-1,-1
onetree-cacherow-256-16,covtype_xgb_model_save.json,gpu_sparse,8192,false,-1,-1
onetree-cacherow-256-16,epsilon_xgb_model_save.json,gpu_sparse,8192,false,-1,-1
onetree-cacherow-256-16,higgs_xgb_model_save.json,gpu_sparse,8192,false,0.173683,0.155364
onetree-cacherow-256-16,year_prediction_msd_xgb_model_save.json,gpu_sparse,8192,false,-1,-1
onetree-cacherow-256-16,abalone_xgb_model_save.json,gpu_reorg,8192,false,1.33385,1.32539
onetree-cacherow-256-16,airline_xgb_model_save.json,gpu_reorg,8192,false,0.215162,0.202588
onetree-cacherow-256-16,airline-ohe_xgb_model_save.json,gpu_reorg,8192,false,-1,-1
onetree-cacherow-256-16,covtype_xgb_model_save.json,gpu_reorg,8192,false,-1,-1
onetree-cacherow-256-16,epsilon_xgb_model_save.json,gpu_reorg,8192,false,-1,-1
onetree-cacherow-256-16,higgs_xgb_model_save.json,gpu_reorg,8192,false,0.220078,0.201185
onetree-cacherow-256-16,year_prediction_msd_xgb_model_save.json,gpu_reorg,8192,false,-1,-1
onetree-cacherow-512-1,abalone_xgb_model_save.json,gpu_array,8192,false,0.474188,0.46512
onetree-cacherow-512-1,airline_xgb_model_save.json,gpu_array,8192,false,0.0667993,0.0542761
onetree-cacherow-512-1,airline-ohe_xgb_model_save.json,gpu_array,8192,false,-1,-1
onetree-cacherow-512-1,covtype_xgb_model_save.json,gpu_array,8192,false,-1,-1
onetree-cacherow-512-1,epsilon_xgb_model_save.json,gpu_array,8192,false,-1,-1
onetree-cacherow-512-1,higgs_xgb_model_save.json,gpu_array,8192,false,-1,-1
onetree-cacherow-512-1,year_prediction_msd_xgb_model_save.json,gpu_array,8192,false,-1,-1
onetree-cacherow-512-1,abalone_xgb_model_save.json,gpu_sparse,8192,false,0.472917,0.464421
onetree-cacherow-512-1,airline_xgb_model_save.json,gpu_sparse,8192,false,0.0660193,0.0541138
onetree-cacherow-512-1,airline-ohe_xgb_model_save.json,gpu_sparse,8192,false,-1,-1
onetree-cacherow-512-1,covtype_xgb_model_save.json,gpu_sparse,8192,false,-1,-1
onetree-cacherow-512-1,epsilon_xgb_model_save.json,gpu_sparse,8192,false,-1,-1
onetree-cacherow-512-1,higgs_xgb_model_save.json,gpu_sparse,8192,false,-1,-1
onetree-cacherow-512-1,year_prediction_msd_xgb_model_save.json,gpu_sparse,8192,false,-1,-1
onetree-cacherow-512-1,abalone_xgb_model_save.json,gpu_reorg,8192,false,0.367721,0.358733
onetree-cacherow-512-1,airline_xgb_model_save.json,gpu_reorg,8192,false,0.0649744,0.052395
onetree-cacherow-512-1,airline-ohe_xgb_model_save.json,gpu_reorg,8192,false,-1,-1
onetree-cacherow-512-1,covtype_xgb_model_save.json,gpu_reorg,8192,false,-1,-1
onetree-cacherow-512-1,epsilon_xgb_model_save.json,gpu_reorg,8192,false,-1,-1
onetree-cacherow-512-1,higgs_xgb_model_save.json,gpu_reorg,8192,false,-1,-1
onetree-cacherow-512-1,year_prediction_msd_xgb_model_save.json,gpu_reorg,8192,false,-1,-1
onetree-cacherow-512-2,abalone_xgb_model_save.json,gpu_array,8192,false,0.323308,0.314382
onetree-cacherow-512-2,airline_xgb_model_save.json,gpu_array,8192,false,0.0592432,0.0466748
onetree-cacherow-512-2,airline-ohe_xgb_model_save.json,gpu_array,8192,false,-1,-1
onetree-cacherow-512-2,covtype_xgb_model_save.json,gpu_array,8192,false,-1,-1
onetree-cacherow-512-2,epsilon_xgb_model_save.json,gpu_array,8192,false,-1,-1
onetree-cacherow-512-2,higgs_xgb_model_save.json,gpu_array,8192,false,-1,-1
onetree-cacherow-512-2,year_prediction_msd_xgb_model_save.json,gpu_array,8192,false,-1,-1
onetree-cacherow-512-2,abalone_xgb_model_save.json,gpu_sparse,8192,false,0.320795,0.312357
onetree-cacherow-512-2,airline_xgb_model_save.json,gpu_sparse,8192,false,0.0591675,0.0466345
onetree-cacherow-512-2,airline-ohe_xgb_model_save.json,gpu_sparse,8192,false,-1,-1
onetree-cacherow-512-2,covtype_xgb_model_save.json,gpu_sparse,8192,false,-1,-1
onetree-cacherow-512-2,epsilon_xgb_model_save.json,gpu_sparse,8192,false,-1,-1
onetree-cacherow-512-2,higgs_xgb_model_save.json,gpu_sparse,8192,false,-1,-1
onetree-cacherow-512-2,year_prediction_msd_xgb_model_save.json,gpu_sparse,8192,false,-1,-1
onetree-cacherow-512-2,abalone_xgb_model_save.json,gpu_reorg,8192,false,0.348866,0.340361
onetree-cacherow-512-2,airline_xgb_model_save.json,gpu_reorg,8192,false,0.0595764,0.0476709
onetree-cacherow-512-2,airline-ohe_xgb_model_save.json,gpu_reorg,8192,false,-1,-1
onetree-cacherow-512-2,covtype_xgb_model_save.json,gpu_reorg,8192,false,-1,-1
onetree-cacherow-512-2,epsilon_xgb_model_save.json,gpu_reorg,8192,false,-1,-1
onetree-cacherow-512-2,higgs_xgb_model_save.json,gpu_reorg,8192,false,-1,-1
onetree-cacherow-512-2,year_prediction_msd_xgb_model_save.json,gpu_reorg,8192,false,-1,-1
onetree-cacherow-512-4,abalone_xgb_model_save.json,gpu_array,8192,false,0.445012,0.435999
onetree-cacherow-512-4,airline_xgb_model_save.json,gpu_array,8192,false,0.0759436,0.0635059
onetree-cacherow-512-4,airline-ohe_xgb_model_save.json,gpu_array,8192,false,-1,-1
onetree-cacherow-512-4,covtype_xgb_model_save.json,gpu_array,8192,false,-1,-1
onetree-cacherow-512-4,epsilon_xgb_model_save.json,gpu_array,8192,false,-1,-1
onetree-cacherow-512-4,higgs_xgb_model_save.json,gpu_array,8192,false,-1,-1
onetree-cacherow-512-4,year_prediction_msd_xgb_model_save.json,gpu_array,8192,false,-1,-1
onetree-cacherow-512-4,abalone_xgb_model_save.json,gpu_sparse,8192,false,0.422507,0.41408
onetree-cacherow-512-4,airline_xgb_model_save.json,gpu_sparse,8192,false,0.0726208,0.0607251
onetree-cacherow-512-4,airline-ohe_xgb_model_save.json,gpu_sparse,8192,false,-1,-1
onetree-cacherow-512-4,covtype_xgb_model_save.json,gpu_sparse,8192,false,-1,-1
onetree-cacherow-512-4,epsilon_xgb_model_save.json,gpu_sparse,8192,false,-1,-1
onetree-cacherow-512-4,higgs_xgb_model_save.json,gpu_sparse,8192,false,-1,-1
onetree-cacherow-512-4,year_prediction_msd_xgb_model_save.json,gpu_sparse,8192,false,-1,-1
onetree-cacherow-512-4,abalone_xgb_model_save.json,gpu_reorg,8192,false,0.432941,0.424496
onetree-cacherow-512-4,airline_xgb_model_save.json,gpu_reorg,8192,false,0.0800647,0.0675708
onetree-cacherow-512-4,airline-ohe_xgb_model_save.json,gpu_reorg,8192,false,-1,-1
onetree-cacherow-512-4,covtype_xgb_model_save.json,gpu_reorg,8192,false,-1,-1
onetree-cacherow-512-4,epsilon_xgb_model_save.json,gpu_reorg,8192,false,-1,-1
onetree-cacherow-512-4,higgs_xgb_model_save.json,gpu_reorg,8192,false,-1,-1
onetree-cacherow-512-4,year_prediction_msd_xgb_model_save.json,gpu_reorg,8192,false,-1,-1
onetree-cacherow-512-16,abalone_xgb_model_save.json,gpu_array,8192,false,1.2137,1.20525
onetree-cacherow-512-16,airline_xgb_model_save.json,gpu_array,8192,false,0.179308,0.167417
onetree-cacherow-512-16,airline-ohe_xgb_model_save.json,gpu_array,8192,false,-1,-1
onetree-cacherow-512-16,covtype_xgb_model_save.json,gpu_array,8192,false,-1,-1
onetree-cacherow-512-16,epsilon_xgb_model_save.json,gpu_array,8192,false,-1,-1
onetree-cacherow-512-16,higgs_xgb_model_save.json,gpu_array,8192,false,-1,-1
onetree-cacherow-512-16,year_prediction_msd_xgb_model_save.json,gpu_array,8192,false,-1,-1
onetree-cacherow-512-16,abalone_xgb_model_save.json,gpu_sparse,8192,false,1.10889,1.10046
onetree-cacherow-512-16,airline_xgb_model_save.json,gpu_sparse,8192,false,0.16618,0.153646
onetree-cacherow-512-16,airline-ohe_xgb_model_save.json,gpu_sparse,8192,false,-1,-1
onetree-cacherow-512-16,covtype_xgb_model_save.json,gpu_sparse,8192,false,-1,-1
onetree-cacherow-512-16,epsilon_xgb_model_save.json,gpu_sparse,8192,false,-1,-1
onetree-cacherow-512-16,higgs_xgb_model_save.json,gpu_sparse,8192,false,-1,-1
onetree-cacherow-512-16,year_prediction_msd_xgb_model_save.json,gpu_sparse,8192,false,-1,-1
onetree-cacherow-512-16,abalone_xgb_model_save.json,gpu_reorg,8192,false,1.28538,1.27687
onetree-cacherow-512-16,airline_xgb_model_save.json,gpu_reorg,8192,false,0.203823,0.192013
onetree-cacherow-512-16,airline-ohe_xgb_model_save.json,gpu_reorg,8192,false,-1,-1
onetree-cacherow-512-16,covtype_xgb_model_save.json,gpu_reorg,8192,false,-1,-1
onetree-cacherow-512-16,epsilon_xgb_model_save.json,gpu_reorg,8192,false,-1,-1
onetree-cacherow-512-16,higgs_xgb_model_save.json,gpu_reorg,8192,false,-1,-1
onetree-cacherow-512-16,year_prediction_msd_xgb_model_save.json,gpu_reorg,8192,false,-1,-1
onetree-cacherow-32-1,abalone_xgb_model_save.json,gpu_array,16384,false,0.661277,0.655452
onetree-cacherow-32-1,airline_xgb_model_save.json,gpu_array,16384,false,0.0710468,0.0605121
onetree-cacherow-32-1,airline-ohe_xgb_model_save.json,gpu_array,16384,false,-1,-1
onetree-cacherow-32-1,covtype_xgb_model_save.json,gpu_array,16384,false,0.777445,0.745105
onetree-cacherow-32-1,epsilon_xgb_model_save.json,gpu_array,16384,false,-1,-1
onetree-cacherow-32-1,higgs_xgb_model_save.json,gpu_array,16384,false,0.108005,0.0869342
onetree-cacherow-32-1,year_prediction_msd_xgb_model_save.json,gpu_array,16384,false,0.121796,0.0817712
onetree-cacherow-32-1,abalone_xgb_model_save.json,gpu_sparse,16384,false,0.655888,0.650061
onetree-cacherow-32-1,airline_xgb_model_save.json,gpu_sparse,16384,false,0.0705347,0.0600421
onetree-cacherow-32-1,airline-ohe_xgb_model_save.json,gpu_sparse,16384,false,-1,-1
onetree-cacherow-32-1,covtype_xgb_model_save.json,gpu_sparse,16384,false,0.779859,0.747983
onetree-cacherow-32-1,epsilon_xgb_model_save.json,gpu_sparse,16384,false,-1,-1
onetree-cacherow-32-1,higgs_xgb_model_save.json,gpu_sparse,16384,false,0.107218,0.0860651
onetree-cacherow-32-1,year_prediction_msd_xgb_model_save.json,gpu_sparse,16384,false,0.121801,0.081073
onetree-cacherow-32-1,abalone_xgb_model_save.json,gpu_reorg,16384,false,0.35319,0.34735
onetree-cacherow-32-1,airline_xgb_model_save.json,gpu_reorg,16384,false,0.0582849,0.0472211
onetree-cacherow-32-1,airline-ohe_xgb_model_save.json,gpu_reorg,16384,false,-1,-1
onetree-cacherow-32-1,covtype_xgb_model_save.json,gpu_reorg,16384,false,0.475833,0.444347
onetree-cacherow-32-1,epsilon_xgb_model_save.json,gpu_reorg,16384,false,-1,-1
onetree-cacherow-32-1,higgs_xgb_model_save.json,gpu_reorg,16384,false,0.0736053,0.0520801
onetree-cacherow-32-1,year_prediction_msd_xgb_model_save.json,gpu_reorg,16384,false,0.097049,0.0562457
onetree-cacherow-32-2,abalone_xgb_model_save.json,gpu_array,16384,false,0.837382,0.831522
onetree-cacherow-32-2,airline_xgb_model_save.json,gpu_array,16384,false,0.109587,0.0991034
onetree-cacherow-32-2,airline-ohe_xgb_model_save.json,gpu_array,16384,false,-1,-1
onetree-cacherow-32-2,covtype_xgb_model_save.json,gpu_array,16384,false,0.979301,0.948091
onetree-cacherow-32-2,epsilon_xgb_model_save.json,gpu_array,16384,false,-1,-1
onetree-cacherow-32-2,higgs_xgb_model_save.json,gpu_array,16384,false,0.138556,0.117073
onetree-cacherow-32-2,year_prediction_msd_xgb_model_save.json,gpu_array,16384,false,0.148918,0.108106
onetree-cacherow-32-2,abalone_xgb_model_save.json,gpu_sparse,16384,false,0.817308,0.810899
onetree-cacherow-32-2,airline_xgb_model_save.json,gpu_sparse,16384,false,0.107149,0.0961871
onetree-cacherow-32-2,airline-ohe_xgb_model_save.json,gpu_sparse,16384,false,-1,-1
onetree-cacherow-32-2,covtype_xgb_model_save.json,gpu_sparse,16384,false,0.979615,0.948985
onetree-cacherow-32-2,epsilon_xgb_model_save.json,gpu_sparse,16384,false,-1,-1
onetree-cacherow-32-2,higgs_xgb_model_save.json,gpu_sparse,16384,false,0.135591,0.114005
onetree-cacherow-32-2,year_prediction_msd_xgb_model_save.json,gpu_sparse,16384,false,0.146122,0.105296
onetree-cacherow-32-2,abalone_xgb_model_save.json,gpu_reorg,16384,false,0.654419,0.648517
onetree-cacherow-32-2,airline_xgb_model_save.json,gpu_reorg,16384,false,0.101021,0.0898938
onetree-cacherow-32-2,airline-ohe_xgb_model_save.json,gpu_reorg,16384,false,-1,-1
onetree-cacherow-32-2,covtype_xgb_model_save.json,gpu_reorg,16384,false,0.964024,0.931461
onetree-cacherow-32-2,epsilon_xgb_model_save.json,gpu_reorg,16384,false,-1,-1
onetree-cacherow-32-2,higgs_xgb_model_save.json,gpu_reorg,16384,false,0.116517,0.0953314
onetree-cacherow-32-2,year_prediction_msd_xgb_model_save.json,gpu_reorg,16384,false,0.136489,0.09633
onetree-cacherow-32-4,abalone_xgb_model_save.json,gpu_array,16384,false,1.24901,1.24317
onetree-cacherow-32-4,airline_xgb_model_save.json,gpu_array,16384,false,0.166364,0.155854
onetree-cacherow-32-4,airline-ohe_xgb_model_save.json,gpu_array,16384,false,-1,-1
onetree-cacherow-32-4,covtype_xgb_model_save.json,gpu_array,16384,false,1.44096,1.40979
onetree-cacherow-32-4,epsilon_xgb_model_save.json,gpu_array,16384,false,-1,-1
onetree-cacherow-32-4,higgs_xgb_model_save.json,gpu_array,16384,false,0.193959,0.172849
onetree-cacherow-32-4,year_prediction_msd_xgb_model_save.json,gpu_array,16384,false,0.202821,0.162026
onetree-cacherow-32-4,abalone_xgb_model_save.json,gpu_sparse,16384,false,1.19842,1.19258
onetree-cacherow-32-4,airline_xgb_model_save.json,gpu_sparse,16384,false,0.15934,0.148799
onetree-cacherow-32-4,airline-ohe_xgb_model_save.json,gpu_sparse,16384,false,-1,-1
onetree-cacherow-32-4,covtype_xgb_model_save.json,gpu_sparse,16384,false,1.45559,1.42322
onetree-cacherow-32-4,epsilon_xgb_model_save.json,gpu_sparse,16384,false,-1,-1
onetree-cacherow-32-4,higgs_xgb_model_save.json,gpu_sparse,16384,false,0.186873,0.165771
onetree-cacherow-32-4,year_prediction_msd_xgb_model_save.json,gpu_sparse,16384,false,0.196354,0.155556
onetree-cacherow-32-4,abalone_xgb_model_save.json,gpu_reorg,16384,false,1.46939,1.4635
onetree-cacherow-32-4,airline_xgb_model_save.json,gpu_reorg,16384,false,0.173203,0.162691
onetree-cacherow-32-4,airline-ohe_xgb_model_save.json,gpu_reorg,16384,false,-1,-1
onetree-cacherow-32-4,covtype_xgb_model_save.json,gpu_reorg,16384,false,1.94622,1.91377
onetree-cacherow-32-4,epsilon_xgb_model_save.json,gpu_reorg,16384,false,-1,-1
onetree-cacherow-32-4,higgs_xgb_model_save.json,gpu_reorg,16384,false,0.200859,0.179222
onetree-cacherow-32-4,year_prediction_msd_xgb_model_save.json,gpu_reorg,16384,false,0.210311,0.16947
onetree-cacherow-32-16,abalone_xgb_model_save.json,gpu_array,16384,false,3.84413,3.83775
onetree-cacherow-32-16,airline_xgb_model_save.json,gpu_array,16384,false,0.51499,0.503995
onetree-cacherow-32-16,airline-ohe_xgb_model_save.json,gpu_array,16384,false,-1,-1
onetree-cacherow-32-16,covtype_xgb_model_save.json,gpu_array,16384,false,4.0418,4.0093
onetree-cacherow-32-16,epsilon_xgb_model_save.json,gpu_array,16384,false,-1,-1
onetree-cacherow-32-16,higgs_xgb_model_save.json,gpu_array,16384,false,0.544382,0.523082
onetree-cacherow-32-16,year_prediction_msd_xgb_model_save.json,gpu_array,16384,false,0.672205,0.63141
onetree-cacherow-32-16,abalone_xgb_model_save.json,gpu_sparse,16384,false,3.62337,3.61702
onetree-cacherow-32-16,airline_xgb_model_save.json,gpu_sparse,16384,false,0.486728,0.476207
onetree-cacherow-32-16,airline-ohe_xgb_model_save.json,gpu_sparse,16384,false,-1,-1
onetree-cacherow-32-16,covtype_xgb_model_save.json,gpu_sparse,16384,false,3.88602,3.8546
onetree-cacherow-32-16,epsilon_xgb_model_save.json,gpu_sparse,16384,false,-1,-1
onetree-cacherow-32-16,higgs_xgb_model_save.json,gpu_sparse,16384,false,0.517318,0.495997
onetree-cacherow-32-16,year_prediction_msd_xgb_model_save.json,gpu_sparse,16384,false,0.629314,0.588492
onetree-cacherow-32-16,abalone_xgb_model_save.json,gpu_reorg,16384,false,5.71535,5.70944
onetree-cacherow-32-16,airline_xgb_model_save.json,gpu_reorg,16384,false,0.660906,0.650325
onetree-cacherow-32-16,airline-ohe_xgb_model_save.json,gpu_reorg,16384,false,-1,-1
onetree-cacherow-32-16,covtype_xgb_model_save.json,gpu_reorg,16384,false,8.46467,8.43296
onetree-cacherow-32-16,epsilon_xgb_model_save.json,gpu_reorg,16384,false,-1,-1
onetree-cacherow-32-16,higgs_xgb_model_save.json,gpu_reorg,16384,false,0.747112,0.725374
onetree-cacherow-32-16,year_prediction_msd_xgb_model_save.json,gpu_reorg,16384,false,1.20156,1.16121
onetree-cacherow-64-1,abalone_xgb_model_save.json,gpu_array,16384,false,0.352911,0.347117
onetree-cacherow-64-1,airline_xgb_model_save.json,gpu_array,16384,false,0.0476746,0.0371765
onetree-cacherow-64-1,airline-ohe_xgb_model_save.json,gpu_array,16384,false,-1,-1
onetree-cacherow-64-1,covtype_xgb_model_save.json,gpu_array,16384,false,0.475908,0.445286
onetree-cacherow-64-1,epsilon_xgb_model_save.json,gpu_array,16384,false,-1,-1
onetree-cacherow-64-1,higgs_xgb_model_save.json,gpu_array,16384,false,0.0691101,0.0476459
onetree-cacherow-64-1,year_prediction_msd_xgb_model_save.json,gpu_array,16384,false,0.0845374,0.0438104
onetree-cacherow-64-1,abalone_xgb_model_save.json,gpu_sparse,16384,false,0.347505,0.341194
onetree-cacherow-64-1,airline_xgb_model_save.json,gpu_sparse,16384,false,0.0475891,0.0370795
onetree-cacherow-64-1,airline-ohe_xgb_model_save.json,gpu_sparse,16384,false,-1,-1
onetree-cacherow-64-1,covtype_xgb_model_save.json,gpu_sparse,16384,false,0.473271,0.441371
onetree-cacherow-64-1,epsilon_xgb_model_save.json,gpu_sparse,16384,false,-1,-1
onetree-cacherow-64-1,higgs_xgb_model_save.json,gpu_sparse,16384,false,0.0684668,0.0473834
onetree-cacherow-64-1,year_prediction_msd_xgb_model_save.json,gpu_sparse,16384,false,0.0843854,0.043551
onetree-cacherow-64-1,abalone_xgb_model_save.json,gpu_reorg,16384,false,0.295971,0.289669
onetree-cacherow-64-1,airline_xgb_model_save.json,gpu_reorg,16384,false,0.0448517,0.0343109
onetree-cacherow-64-1,airline-ohe_xgb_model_save.json,gpu_reorg,16384,false,-1,-1
onetree-cacherow-64-1,covtype_xgb_model_save.json,gpu_reorg,16384,false,0.390625,0.35943
onetree-cacherow-64-1,epsilon_xgb_model_save.json,gpu_reorg,16384,false,-1,-1
onetree-cacherow-64-1,higgs_xgb_model_save.json,gpu_reorg,16384,false,0.0571814,0.0357275
onetree-cacherow-64-1,year_prediction_msd_xgb_model_save.json,gpu_reorg,16384,false,0.0740472,0.0331696
onetree-cacherow-64-2,abalone_xgb_model_save.json,gpu_array,16384,false,0.432028,0.426155
onetree-cacherow-64-2,airline_xgb_model_save.json,gpu_array,16384,false,0.0692047,0.0587274
onetree-cacherow-64-2,airline-ohe_xgb_model_save.json,gpu_array,16384,false,-1,-1
onetree-cacherow-64-2,covtype_xgb_model_save.json,gpu_array,16384,false,0.581802,0.550753
onetree-cacherow-64-2,epsilon_xgb_model_save.json,gpu_array,16384,false,-1,-1
onetree-cacherow-64-2,higgs_xgb_model_save.json,gpu_array,16384,false,0.0840179,0.0629913
onetree-cacherow-64-2,year_prediction_msd_xgb_model_save.json,gpu_array,16384,false,0.0964789,0.0563361
onetree-cacherow-64-2,abalone_xgb_model_save.json,gpu_sparse,16384,false,0.419034,0.412726
onetree-cacherow-64-2,airline_xgb_model_save.json,gpu_sparse,16384,false,0.0675067,0.0569958
onetree-cacherow-64-2,airline-ohe_xgb_model_save.json,gpu_sparse,16384,false,-1,-1
onetree-cacherow-64-2,covtype_xgb_model_save.json,gpu_sparse,16384,false,0.579471,0.548806
onetree-cacherow-64-2,epsilon_xgb_model_save.json,gpu_sparse,16384,false,-1,-1
onetree-cacherow-64-2,higgs_xgb_model_save.json,gpu_sparse,16384,false,0.0828339,0.061319
onetree-cacherow-64-2,year_prediction_msd_xgb_model_save.json,gpu_sparse,16384,false,0.0951111,0.0549518
onetree-cacherow-64-2,abalone_xgb_model_save.json,gpu_reorg,16384,false,0.353929,0.347602
onetree-cacherow-64-2,airline_xgb_model_save.json,gpu_reorg,16384,false,0.0611023,0.0500378
onetree-cacherow-64-2,airline-ohe_xgb_model_save.json,gpu_reorg,16384,false,-1,-1
onetree-cacherow-64-2,covtype_xgb_model_save.json,gpu_reorg,16384,false,0.655457,0.624318
onetree-cacherow-64-2,epsilon_xgb_model_save.json,gpu_reorg,16384,false,-1,-1
onetree-cacherow-64-2,higgs_xgb_model_save.json,gpu_reorg,16384,false,0.0740906,0.0528772
onetree-cacherow-64-2,year_prediction_msd_xgb_model_save.json,gpu_reorg,16384,false,0.0907391,0.0504889
onetree-cacherow-64-4,abalone_xgb_model_save.json,gpu_array,16384,false,0.637947,0.631591
onetree-cacherow-64-4,airline_xgb_model_save.json,gpu_array,16384,false,0.0982922,0.0878076
onetree-cacherow-64-4,airline-ohe_xgb_model_save.json,gpu_array,16384,false,-1,-1
onetree-cacherow-64-4,covtype_xgb_model_save.json,gpu_array,16384,false,0.85774,0.825738
onetree-cacherow-64-4,epsilon_xgb_model_save.json,gpu_array,16384,false,-1,-1
onetree-cacherow-64-4,higgs_xgb_model_save.json,gpu_array,16384,false,0.11211,0.0909888
onetree-cacherow-64-4,year_prediction_msd_xgb_model_save.json,gpu_array,16384,false,0.127039,0.0862115
onetree-cacherow-64-4,abalone_xgb_model_save.json,gpu_sparse,16384,false,0.612054,0.606214
onetree-cacherow-64-4,airline_xgb_model_save.json,gpu_sparse,16384,false,0.095611,0.0845691
onetree-cacherow-64-4,airline-ohe_xgb_model_save.json,gpu_sparse,16384,false,-1,-1
onetree-cacherow-64-4,covtype_xgb_model_save.json,gpu_sparse,16384,false,0.873431,0.842468
onetree-cacherow-64-4,epsilon_xgb_model_save.json,gpu_sparse,16384,false,-1,-1
onetree-cacherow-64-4,higgs_xgb_model_save.json,gpu_sparse,16384,false,0.108546,0.087326
onetree-cacherow-64-4,year_prediction_msd_xgb_model_save.json,gpu_sparse,16384,false,0.123107,0.0829492
onetree-cacherow-64-4,abalone_xgb_model_save.json,gpu_reorg,16384,false,0.722907,0.717006
onetree-cacherow-64-4,airline_xgb_model_save.json,gpu_reorg,16384,false,0.0980096,0.086875
onetree-cacherow-64-4,airline-ohe_xgb_model_save.json,gpu_reorg,16384,false,-1,-1
onetree-cacherow-64-4,covtype_xgb_model_save.json,gpu_reorg,16384,false,1.19019,1.15889
onetree-cacherow-64-4,epsilon_xgb_model_save.json,gpu_reorg,16384,false,-1,-1
onetree-cacherow-64-4,higgs_xgb_model_save.json,gpu_reorg,16384,false,0.116367,0.0952081
onetree-cacherow-64-4,year_prediction_msd_xgb_model_save.json,gpu_reorg,16384,false,0.131257,0.0904651
onetree-cacherow-64-16,abalone_xgb_model_save.json,gpu_array,16384,false,1.93824,1.93236
onetree-cacherow-64-16,airline_xgb_model_save.json,gpu_array,16384,false,0.266511,0.255971
onetree-cacherow-64-16,airline-ohe_xgb_model_save.json,gpu_array,16384,false,-1,-1
onetree-cacherow-64-16,covtype_xgb_model_save.json,gpu_array,16384,false,2.24938,2.21845
onetree-cacherow-64-16,epsilon_xgb_model_save.json,gpu_array,16384,false,-1,-1
onetree-cacherow-64-16,higgs_xgb_model_save.json,gpu_array,16384,false,0.282445,0.261326
onetree-cacherow-64-16,year_prediction_msd_xgb_model_save.json,gpu_array,16384,false,0.349836,0.309583
onetree-cacherow-64-16,abalone_xgb_model_save.json,gpu_sparse,16384,false,1.82947,1.82314
onetree-cacherow-64-16,airline_xgb_model_save.json,gpu_sparse,16384,false,0.252235,0.241196
onetree-cacherow-64-16,airline-ohe_xgb_model_save.json,gpu_sparse,16384,false,-1,-1
onetree-cacherow-64-16,covtype_xgb_model_save.json,gpu_sparse,16384,false,2.20822,2.17756
onetree-cacherow-64-16,epsilon_xgb_model_save.json,gpu_sparse,16384,false,-1,-1
onetree-cacherow-64-16,higgs_xgb_model_save.json,gpu_sparse,16384,false,0.266525,0.244852
onetree-cacherow-64-16,year_prediction_msd_xgb_model_save.json,gpu_sparse,16384,false,0.327375,0.286551
onetree-cacherow-64-16,abalone_xgb_model_save.json,gpu_reorg,16384,false,2.78111,2.77478
onetree-cacherow-64-16,airline_xgb_model_save.json,gpu_reorg,16384,false,0.347819,0.337331
onetree-cacherow-64-16,airline-ohe_xgb_model_save.json,gpu_reorg,16384,false,-1,-1
onetree-cacherow-64-16,covtype_xgb_model_save.json,gpu_reorg,16384,false,4.66626,4.63319
onetree-cacherow-64-16,epsilon_xgb_model_save.json,gpu_reorg,16384,false,-1,-1
onetree-cacherow-64-16,higgs_xgb_model_save.json,gpu_reorg,16384,false,0.387883,0.364095
onetree-cacherow-64-16,year_prediction_msd_xgb_model_save.json,gpu_reorg,16384,false,0.623415,0.582485
onetree-cacherow-256-1,abalone_xgb_model_save.json,gpu_array,16384,false,0.356935,0.351138
onetree-cacherow-256-1,airline_xgb_model_save.json,gpu_array,16384,false,0.0489154,0.0379456
onetree-cacherow-256-1,airline-ohe_xgb_model_save.json,gpu_array,16384,false,-1,-1
onetree-cacherow-256-1,covtype_xgb_model_save.json,gpu_array,16384,false,-1,-1
onetree-cacherow-256-1,epsilon_xgb_model_save.json,gpu_array,16384,false,-1,-1
onetree-cacherow-256-1,higgs_xgb_model_save.json,gpu_array,16384,false,0.0600507,0.0385742
onetree-cacherow-256-1,year_prediction_msd_xgb_model_save.json,gpu_array,16384,false,-1,-1
onetree-cacherow-256-1,abalone_xgb_model_save.json,gpu_sparse,16384,false,0.35439,0.348544
onetree-cacherow-256-1,airline_xgb_model_save.json,gpu_sparse,16384,false,0.0485162,0.038017
onetree-cacherow-256-1,airline-ohe_xgb_model_save.json,gpu_sparse,16384,false,-1,-1
onetree-cacherow-256-1,covtype_xgb_model_save.json,gpu_sparse,16384,false,-1,-1
onetree-cacherow-256-1,epsilon_xgb_model_save.json,gpu_sparse,16384,false,-1,-1
onetree-cacherow-256-1,higgs_xgb_model_save.json,gpu_sparse,16384,false,0.0602277,0.0387939
onetree-cacherow-256-1,year_prediction_msd_xgb_model_save.json,gpu_sparse,16384,false,-1,-1
onetree-cacherow-256-1,abalone_xgb_model_save.json,gpu_reorg,16384,false,0.285765,0.279916
onetree-cacherow-256-1,airline_xgb_model_save.json,gpu_reorg,16384,false,0.0458374,0.0353082
onetree-cacherow-256-1,airline-ohe_xgb_model_save.json,gpu_reorg,16384,false,-1,-1
onetree-cacherow-256-1,covtype_xgb_model_save.json,gpu_reorg,16384,false,-1,-1
onetree-cacherow-256-1,epsilon_xgb_model_save.json,gpu_reorg,16384,false,-1,-1
onetree-cacherow-256-1,higgs_xgb_model_save.json,gpu_reorg,16384,false,0.0571881,0.0360577
onetree-cacherow-256-1,year_prediction_msd_xgb_model_save.json,gpu_reorg,16384,false,-1,-1
onetree-cacherow-256-2,abalone_xgb_model_save.json,gpu_array,16384,false,0.321274,0.314956
onetree-cacherow-256-2,airline_xgb_model_save.json,gpu_array,16384,false,0.0504974,0.0400299
onetree-cacherow-256-2,airline-ohe_xgb_model_save.json,gpu_array,16384,false,-1,-1
onetree-cacherow-256-2,covtype_xgb_model_save.json,gpu_array,16384,false,-1,-1
onetree-cacherow-256-2,epsilon_xgb_model_save.json,gpu_array,16384,false,-1,-1
onetree-cacherow-256-2,higgs_xgb_model_save.json,gpu_array,16384,false,0.0624573,0.0410059
onetree-cacherow-256-2,year_prediction_msd_xgb_model_save.json,gpu_array,16384,false,-1,-1
onetree-cacherow-256-2,abalone_xgb_model_save.json,gpu_sparse,16384,false,0.318616,0.312331
onetree-cacherow-256-2,airline_xgb_model_save.json,gpu_sparse,16384,false,0.0502734,0.0398041
onetree-cacherow-256-2,airline-ohe_xgb_model_save.json,gpu_sparse,16384,false,-1,-1
onetree-cacherow-256-2,covtype_xgb_model_save.json,gpu_sparse,16384,false,-1,-1
onetree-cacherow-256-2,epsilon_xgb_model_save.json,gpu_sparse,16384,false,-1,-1
onetree-cacherow-256-2,higgs_xgb_model_save.json,gpu_sparse,16384,false,0.0624316,0.0409705
onetree-cacherow-256-2,year_prediction_msd_xgb_model_save.json,gpu_sparse,16384,false,-1,-1
onetree-cacherow-256-2,abalone_xgb_model_save.json,gpu_reorg,16384,false,0.332751,0.326413
onetree-cacherow-256-2,airline_xgb_model_save.json,gpu_reorg,16384,false,0.0538208,0.0427014
onetree-cacherow-256-2,airline-ohe_xgb_model_save.json,gpu_reorg,16384,false,-1,-1
onetree-cacherow-256-2,covtype_xgb_model_save.json,gpu_reorg,16384,false,-1,-1
onetree-cacherow-256-2,epsilon_xgb_model_save.json,gpu_reorg,16384,false,-1,-1
onetree-cacherow-256-2,higgs_xgb_model_save.json,gpu_reorg,16384,false,0.0637683,0.0422394
onetree-cacherow-256-2,year_prediction_msd_xgb_model_save.json,gpu_reorg,16384,false,-1,-1
onetree-cacherow-256-4,abalone_xgb_model_save.json,gpu_array,16384,false,0.257242,0.250941
onetree-cacherow-256-4,airline_xgb_model_save.json,gpu_array,16384,false,0.044151,0.0336719
onetree-cacherow-256-4,airline-ohe_xgb_model_save.json,gpu_array,16384,false,-1,-1
onetree-cacherow-256-4,covtype_xgb_model_save.json,gpu_array,16384,false,-1,-1
onetree-cacherow-256-4,epsilon_xgb_model_save.json,gpu_array,16384,false,-1,-1
onetree-cacherow-256-4,higgs_xgb_model_save.json,gpu_array,16384,false,0.0552606,0.0342218
onetree-cacherow-256-4,year_prediction_msd_xgb_model_save.json,gpu_array,16384,false,-1,-1
onetree-cacherow-256-4,abalone_xgb_model_save.json,gpu_sparse,16384,false,0.263122,0.25686
onetree-cacherow-256-4,airline_xgb_model_save.json,gpu_sparse,16384,false,0.0446094,0.0336914
onetree-cacherow-256-4,airline-ohe_xgb_model_save.json,gpu_sparse,16384,false,-1,-1
onetree-cacherow-256-4,covtype_xgb_model_save.json,gpu_sparse,16384,false,-1,-1
onetree-cacherow-256-4,epsilon_xgb_model_save.json,gpu_sparse,16384,false,-1,-1
onetree-cacherow-256-4,higgs_xgb_model_save.json,gpu_sparse,16384,false,0.0558209,0.0348102
onetree-cacherow-256-4,year_prediction_msd_xgb_model_save.json,gpu_sparse,16384,false,-1,-1
onetree-cacherow-256-4,abalone_xgb_model_save.json,gpu_reorg,16384,false,0.36347,0.357187
onetree-cacherow-256-4,airline_xgb_model_save.json,gpu_reorg,16384,false,0.0562396,0.0451831
onetree-cacherow-256-4,airline-ohe_xgb_model_save.json,gpu_reorg,16384,false,-1,-1
onetree-cacherow-256-4,covtype_xgb_model_save.json,gpu_reorg,16384,false,-1,-1
onetree-cacherow-256-4,epsilon_xgb_model_save.json,gpu_reorg,16384,false,-1,-1
onetree-cacherow-256-4,higgs_xgb_model_save.json,gpu_reorg,16384,false,0.0667682,0.0453314
onetree-cacherow-256-4,year_prediction_msd_xgb_model_save.json,gpu_reorg,16384,false,-1,-1
onetree-cacherow-256-16,abalone_xgb_model_save.json,gpu_array,16384,false,0.655107,0.649258
onetree-cacherow-256-16,airline_xgb_model_save.json,gpu_array,16384,false,0.0971106,0.0861957
onetree-cacherow-256-16,airline-ohe_xgb_model_save.json,gpu_array,16384,false,-1,-1
onetree-cacherow-256-16,covtype_xgb_model_save.json,gpu_array,16384,false,-1,-1
onetree-cacherow-256-16,epsilon_xgb_model_save.json,gpu_array,16384,false,-1,-1
onetree-cacherow-256-16,higgs_xgb_model_save.json,gpu_array,16384,false,0.110444,0.0890906
onetree-cacherow-256-16,year_prediction_msd_xgb_model_save.json,gpu_array,16384,false,-1,-1
onetree-cacherow-256-16,abalone_xgb_model_save.json,gpu_sparse,16384,false,0.624858,0.618582
onetree-cacherow-256-16,airline_xgb_model_save.json,gpu_sparse,16384,false,0.0916589,0.0811798
onetree-cacherow-256-16,airline-ohe_xgb_model_save.json,gpu_sparse,16384,false,-1,-1
onetree-cacherow-256-16,covtype_xgb_model_save.json,gpu_sparse,16384,false,-1,-1
onetree-cacherow-256-16,epsilon_xgb_model_save.json,gpu_sparse,16384,false,-1,-1
onetree-cacherow-256-16,higgs_xgb_model_save.json,gpu_sparse,16384,false,0.10554,0.0841064
onetree-cacherow-256-16,year_prediction_msd_xgb_model_save.json,gpu_sparse,16384,false,-1,-1
onetree-cacherow-256-16,abalone_xgb_model_save.json,gpu_reorg,16384,false,0.89877,0.892512
onetree-cacherow-256-16,airline_xgb_model_save.json,gpu_reorg,16384,false,0.130707,0.120215
onetree-cacherow-256-16,airline-ohe_xgb_model_save.json,gpu_reorg,16384,false,-1,-1
onetree-cacherow-256-16,covtype_xgb_model_save.json,gpu_reorg,16384,false,-1,-1
onetree-cacherow-256-16,epsilon_xgb_model_save.json,gpu_reorg,16384,false,-1,-1
onetree-cacherow-256-16,higgs_xgb_model_save.json,gpu_reorg,16384,false,0.149766,0.128367
onetree-cacherow-256-16,year_prediction_msd_xgb_model_save.json,gpu_reorg,16384,false,-1,-1
onetree-cacherow-512-1,abalone_xgb_model_save.json,gpu_array,16384,false,0.363678,0.357614
onetree-cacherow-512-1,airline_xgb_model_save.json,gpu_array,16384,false,0.049743,0.0387988
onetree-cacherow-512-1,airline-ohe_xgb_model_save.json,gpu_array,16384,false,-1,-1
onetree-cacherow-512-1,covtype_xgb_model_save.json,gpu_array,16384,false,-1,-1
onetree-cacherow-512-1,epsilon_xgb_model_save.json,gpu_array,16384,false,-1,-1
onetree-cacherow-512-1,higgs_xgb_model_save.json,gpu_array,16384,false,-1,-1
onetree-cacherow-512-1,year_prediction_msd_xgb_model_save.json,gpu_array,16384,false,-1,-1
onetree-cacherow-512-1,abalone_xgb_model_save.json,gpu_sparse,16384,false,0.360804,0.354993
onetree-cacherow-512-1,airline_xgb_model_save.json,gpu_sparse,16384,false,0.0494501,0.0385138
onetree-cacherow-512-1,airline-ohe_xgb_model_save.json,gpu_sparse,16384,false,-1,-1
onetree-cacherow-512-1,covtype_xgb_model_save.json,gpu_sparse,16384,false,-1,-1
onetree-cacherow-512-1,epsilon_xgb_model_save.json,gpu_sparse,16384,false,-1,-1
onetree-cacherow-512-1,higgs_xgb_model_save.json,gpu_sparse,16384,false,-1,-1
onetree-cacherow-512-1,year_prediction_msd_xgb_model_save.json,gpu_sparse,16384,false,-1,-1
onetree-cacherow-512-1,abalone_xgb_model_save.json,gpu_reorg,16384,false,0.293438,0.287123
onetree-cacherow-512-1,airline_xgb_model_save.json,gpu_reorg,16384,false,0.0490045,0.0379266
onetree-cacherow-512-1,airline-ohe_xgb_model_save.json,gpu_reorg,16384,false,-1,-1
onetree-cacherow-512-1,covtype_xgb_model_save.json,gpu_reorg,16384,false,-1,-1
onetree-cacherow-512-1,epsilon_xgb_model_save.json,gpu_reorg,16384,false,-1,-1
onetree-cacherow-512-1,higgs_xgb_model_save.json,gpu_reorg,16384,false,-1,-1
onetree-cacherow-512-1,year_prediction_msd_xgb_model_save.json,gpu_reorg,16384,false,-1,-1
onetree-cacherow-512-2,abalone_xgb_model_save.json,gpu_array,16384,false,0.331318,0.325459
onetree-cacherow-512-2,airline_xgb_model_save.json,gpu_array,16384,false,0.052207,0.0411786
onetree-cacherow-512-2,airline-ohe_xgb_model_save.json,gpu_array,16384,false,-1,-1
onetree-cacherow-512-2,covtype_xgb_model_save.json,gpu_array,16384,false,-1,-1
onetree-cacherow-512-2,epsilon_xgb_model_save.json,gpu_array,16384,false,-1,-1
onetree-cacherow-512-2,higgs_xgb_model_save.json,gpu_array,16384,false,-1,-1
onetree-cacherow-512-2,year_prediction_msd_xgb_model_save.json,gpu_array,16384,false,-1,-1
onetree-cacherow-512-2,abalone_xgb_model_save.json,gpu_sparse,16384,false,0.329588,0.323307
onetree-cacherow-512-2,airline_xgb_model_save.json,gpu_sparse,16384,false,0.0515985,0.041098
onetree-cacherow-512-2,airline-ohe_xgb_model_save.json,gpu_sparse,16384,false,-1,-1
onetree-cacherow-512-2,covtype_xgb_model_save.json,gpu_sparse,16384,false,-1,-1
onetree-cacherow-512-2,epsilon_xgb_model_save.json,gpu_sparse,16384,false,-1,-1
onetree-cacherow-512-2,higgs_xgb_model_save.json,gpu_sparse,16384,false,-1,-1
onetree-cacherow-512-2,year_prediction_msd_xgb_model_save.json,gpu_sparse,16384,false,-1,-1
onetree-cacherow-512-2,abalone_xgb_model_save.json,gpu_reorg,16384,false,0.326091,0.319536
onetree-cacherow-512-2,airline_xgb_model_save.json,gpu_reorg,16384,false,0.0555835,0.044516
onetree-cacherow-512-2,airline-ohe_xgb_model_save.json,gpu_reorg,16384,false,-1,-1
onetree-cacherow-512-2,covtype_xgb_model_save.json,gpu_reorg,16384,false,-1,-1
onetree-cacherow-512-2,epsilon_xgb_model_save.json,gpu_reorg,16384,false,-1,-1
onetree-cacherow-512-2,higgs_xgb_model_save.json,gpu_reorg,16384,false,-1,-1
onetree-cacherow-512-2,year_prediction_msd_xgb_model_save.json,gpu_reorg,16384,false,-1,-1
onetree-cacherow-512-4,abalone_xgb_model_save.json,gpu_array,16384,false,0.262126,0.255872
onetree-cacherow-512-4,airline_xgb_model_save.json,gpu_array,16384,false,0.0449994,0.0345044
onetree-cacherow-512-4,airline-ohe_xgb_model_save.json,gpu_array,16384,false,-1,-1
onetree-cacherow-512-4,covtype_xgb_model_save.json,gpu_array,16384,false,-1,-1
onetree-cacherow-512-4,epsilon_xgb_model_save.json,gpu_array,16384,false,-1,-1
onetree-cacherow-512-4,higgs_xgb_model_save.json,gpu_array,16384,false,-1,-1
onetree-cacherow-512-4,year_prediction_msd_xgb_model_save.json,gpu_array,16384,false,-1,-1
onetree-cacherow-512-4,abalone_xgb_model_save.json,gpu_sparse,16384,false,0.265383,0.259586
onetree-cacherow-512-4,airline_xgb_model_save.json,gpu_sparse,16384,false,0.045127,0.0340979
onetree-cacherow-512-4,airline-ohe_xgb_model_save.json,gpu_sparse,16384,false,-1,-1
onetree-cacherow-512-4,covtype_xgb_model_save.json,gpu_sparse,16384,false,-1,-1
onetree-cacherow-512-4,epsilon_xgb_model_save.json,gpu_sparse,16384,false,-1,-1
onetree-cacherow-512-4,higgs_xgb_model_save.json,gpu_sparse,16384,false,-1,-1
onetree-cacherow-512-4,year_prediction_msd_xgb_model_save.json,gpu_sparse,16384,false,-1,-1
onetree-cacherow-512-4,abalone_xgb_model_save.json,gpu_reorg,16384,false,0.347211,0.340886
onetree-cacherow-512-4,airline_xgb_model_save.json,gpu_reorg,16384,false,0.0548651,0.0437488
onetree-cacherow-512-4,airline-ohe_xgb_model_save.json,gpu_reorg,16384,false,-1,-1
onetree-cacherow-512-4,covtype_xgb_model_save.json,gpu_reorg,16384,false,-1,-1
onetree-cacherow-512-4,epsilon_xgb_model_save.json,gpu_reorg,16384,false,-1,-1
onetree-cacherow-512-4,higgs_xgb_model_save.json,gpu_reorg,16384,false,-1,-1
onetree-cacherow-512-4,year_prediction_msd_xgb_model_save.json,gpu_reorg,16384,false,-1,-1
onetree-cacherow-512-16,abalone_xgb_model_save.json,gpu_array,16384,false,0.635427,0.629167
onetree-cacherow-512-16,airline_xgb_model_save.json,gpu_array,16384,false,0.0958948,0.08492
onetree-cacherow-512-16,airline-ohe_xgb_model_save.json,gpu_array,16384,false,-1,-1
onetree-cacherow-512-16,covtype_xgb_model_save.json,gpu_array,16384,false,-1,-1
onetree-cacherow-512-16,epsilon_xgb_model_save.json,gpu_array,16384,false,-1,-1
onetree-cacherow-512-16,higgs_xgb_model_save.json,gpu_array,16384,false,-1,-1
onetree-cacherow-512-16,year_prediction_msd_xgb_model_save.json,gpu_array,16384,false,-1,-1
onetree-cacherow-512-16,abalone_xgb_model_save.json,gpu_sparse,16384,false,0.588478,0.582196
onetree-cacherow-512-16,airline_xgb_model_save.json,gpu_sparse,16384,false,0.0891992,0.0787335
onetree-cacherow-512-16,airline-ohe_xgb_model_save.json,gpu_sparse,16384,false,-1,-1
onetree-cacherow-512-16,covtype_xgb_model_save.json,gpu_sparse,16384,false,-1,-1
onetree-cacherow-512-16,epsilon_xgb_model_save.json,gpu_sparse,16384,false,-1,-1
onetree-cacherow-512-16,higgs_xgb_model_save.json,gpu_sparse,16384,false,-1,-1
onetree-cacherow-512-16,year_prediction_msd_xgb_model_save.json,gpu_sparse,16384,false,-1,-1
onetree-cacherow-512-16,abalone_xgb_model_save.json,gpu_reorg,16384,false,0.749608,0.743758
onetree-cacherow-512-16,airline_xgb_model_save.json,gpu_reorg,16384,false,0.107781,0.0967401
onetree-cacherow-512-16,airline-ohe_xgb_model_save.json,gpu_reorg,16384,false,-1,-1
onetree-cacherow-512-16,covtype_xgb_model_save.json,gpu_reorg,16384,false,-1,-1
onetree-cacherow-512-16,epsilon_xgb_model_save.json,gpu_reorg,16384,false,-1,-1
onetree-cacherow-512-16,higgs_xgb_model_save.json,gpu_reorg,16384,false,-1,-1
onetree-cacherow-512-16,year_prediction_msd_xgb_model_save.json,gpu_reorg,16384,false,-1,-1
